"No.","Time","Source","Destination","Protocol","Length","Signal strength (dBm)","Info"
"1","0.000000000","0a:c5:e1:a7:65:73","Broadcast","802.11","320","-56dBm","Beacon frame, SN=941, FN=0, Flags=........C, BI=100, SSID=z5206677"
"2","0.102471294","0a:c5:e1:a7:65:73","Broadcast","802.11","320","-56dBm","Beacon frame, SN=942, FN=0, Flags=........C, BI=100, SSID=z5206677"
"3","0.204936055","0a:c5:e1:a7:65:73","Broadcast","802.11","320","-56dBm","Beacon frame, SN=943, FN=0, Flags=........C, BI=100, SSID=z5206677"
"4","0.308312094","0a:c5:e1:a7:65:73","Broadcast","802.11","320","-56dBm","Beacon frame, SN=944, FN=0, Flags=........C, BI=100, SSID=z5206677"
"5","0.512857910","0a:c5:e1:a7:65:73","Broadcast","802.11","320","-56dBm","Beacon frame, SN=946, FN=0, Flags=........C, BI=100, SSID=z5206677"
"6","0.614496249","0a:c5:e1:a7:65:73","Broadcast","802.11","320","-56dBm","Beacon frame, SN=947, FN=0, Flags=........C, BI=100, SSID=z5206677"
"7","0.716848094","0a:c5:e1:a7:65:73","Broadcast","802.11","320","-56dBm","Beacon frame, SN=948, FN=0, Flags=........C, BI=100, SSID=z5206677"
"8","0.819294971","0a:c5:e1:a7:65:73","Broadcast","802.11","320","-58dBm","Beacon frame, SN=949, FN=0, Flags=........C, BI=100, SSID=z5206677"
"9","0.922587833","0a:c5:e1:a7:65:73","Broadcast","802.11","320","-72dBm","Beacon frame, SN=950, FN=0, Flags=........C, BI=100, SSID=z5206677"
"10","1.126515636","0a:c5:e1:a7:65:73","Broadcast","802.11","320","-56dBm","Beacon frame, SN=952, FN=0, Flags=........C, BI=100, SSID=z5206677"
"11","1.229895807","0a:c5:e1:a7:65:73","Broadcast","802.11","320","-56dBm","Beacon frame, SN=953, FN=0, Flags=........C, BI=100, SSID=z5206677"
"12","1.332297018","0a:c5:e1:a7:65:73","Broadcast","802.11","320","-56dBm","Beacon frame, SN=954, FN=0, Flags=........C, BI=100, SSID=z5206677"
"13","1.536146777","0a:c5:e1:a7:65:73","Broadcast","802.11","320","-56dBm","Beacon frame, SN=956, FN=0, Flags=........C, BI=100, SSID=z5206677"
"14","1.639487234","0a:c5:e1:a7:65:73","Broadcast","802.11","320","-58dBm","Beacon frame, SN=957, FN=0, Flags=........C, BI=100, SSID=z5206677"
"15","1.806817141","0a:c5:e1:a7:65:73","HonHaiPr_bd:47:c2","802.11","314","-56dBm","Probe Response, SN=959, FN=0, Flags=........C, BI=100, SSID=z5206677"
"16","1.815760237","0a:c5:e1:a7:65:73","HonHaiPr_bd:47:c2","802.11","314","-56dBm","Probe Response, SN=960, FN=0, Flags=........C, BI=100, SSID=z5206677"
"17","1.828062625","0a:c5:e1:a7:65:73","HonHaiPr_bd:47:c2","802.11","314","-58dBm","Probe Response, SN=961, FN=0, Flags=........C, BI=100, SSID=z5206677"
"18","1.831498805","0a:c5:e1:a7:65:73","HonHaiPr_bd:47:c2","802.11","314","-60dBm","Probe Response, SN=961, FN=0, Flags=....R...C, BI=100, SSID=z5206677"
"19","1.838980004","0a:c5:e1:a7:65:73","HonHaiPr_bd:47:c2","802.11","314","-60dBm","Probe Response, SN=961, FN=0, Flags=....R...C, BI=100, SSID=z5206677"
"20","1.840707034","0a:c5:e1:a7:65:73","HonHaiPr_bd:47:c2","802.11","314","-64dBm","Probe Response, SN=961, FN=0, Flags=....R...C, BI=100, SSID=z5206677"
"21","1.844758299","0a:c5:e1:a7:65:73","Broadcast","802.11","320","-64dBm","Beacon frame, SN=962, FN=0, Flags=........C, BI=100, SSID=z5206677"
"22","1.856017585","0a:c5:e1:a7:65:73","HonHaiPr_bd:47:c2","802.11","314","-60dBm","Probe Response, SN=963, FN=0, Flags=....R...C, BI=100, SSID=z5206677"
"23","1.858914165","0a:c5:e1:a7:65:73","HonHaiPr_bd:47:c2","802.11","314","-60dBm","Probe Response, SN=963, FN=0, Flags=....R...C, BI=100, SSID=z5206677"
"24","1.860850474","0a:c5:e1:a7:65:73","HonHaiPr_bd:47:c2","802.11","314","-60dBm","Probe Response, SN=963, FN=0, Flags=....R...C, BI=100, SSID=z5206677"
"25","1.867109705","0a:c5:e1:a7:65:73","HonHaiPr_bd:47:c2","802.11","314","-60dBm","Probe Response, SN=963, FN=0, Flags=....R...C, BI=100, SSID=z5206677"
"26","1.870051022","0a:c5:e1:a7:65:73","HonHaiPr_bd:47:c2","802.11","314","-60dBm","Probe Response, SN=963, FN=0, Flags=....R...C, BI=100, SSID=z5206677"
"27","1.946497558","0a:c5:e1:a7:65:73","Broadcast","802.11","320","-60dBm","Beacon frame, SN=964, FN=0, Flags=........C, BI=100, SSID=z5206677"
"28","2.048855648","0a:c5:e1:a7:65:73","Broadcast","802.11","320","-64dBm","Beacon frame, SN=965, FN=0, Flags=........C, BI=100, SSID=z5206677"
"29","2.150325248","0a:c5:e1:a7:65:73","Broadcast","802.11","320","-58dBm","Beacon frame, SN=966, FN=0, Flags=........C, BI=100, SSID=z5206677"
"30","2.356290333","0a:c5:e1:a7:65:73","Broadcast","802.11","320","-60dBm","Beacon frame, SN=968, FN=0, Flags=........C, BI=100, SSID=z5206677"
"31","2.559948821","0a:c5:e1:a7:65:73","Broadcast","802.11","320","-56dBm","Beacon frame, SN=970, FN=0, Flags=........C, BI=100, SSID=z5206677"
"32","2.764855862","0a:c5:e1:a7:65:73","Broadcast","802.11","320","-56dBm","Beacon frame, SN=972, FN=0, Flags=........C, BI=100, SSID=z5206677"
"33","2.867450974","0a:c5:e1:a7:65:73","Broadcast","802.11","320","-56dBm","Beacon frame, SN=973, FN=0, Flags=........C, BI=100, SSID=z5206677"
"34","2.969611274","0a:c5:e1:a7:65:73","Broadcast","802.11","320","-56dBm","Beacon frame, SN=974, FN=0, Flags=........C, BI=100, SSID=z5206677"
"35","3.073074239","0a:c5:e1:a7:65:73","Broadcast","802.11","320","-56dBm","Beacon frame, SN=975, FN=0, Flags=........C, BI=100, SSID=z5206677"
"36","3.174323332","0a:c5:e1:a7:65:73","Broadcast","802.11","320","-58dBm","Beacon frame, SN=976, FN=0, Flags=........C, BI=100, SSID=z5206677"
"37","3.276842211","0a:c5:e1:a7:65:73","Broadcast","802.11","320","-64dBm","Beacon frame, SN=977, FN=0, Flags=........C, BI=100, SSID=z5206677"
"38","3.380285621","0a:c5:e1:a7:65:73","Broadcast","802.11","320","-58dBm","Beacon frame, SN=978, FN=0, Flags=........C, BI=100, SSID=z5206677"
"39","3.482463178","0a:c5:e1:a7:65:73","Broadcast","802.11","320","-58dBm","Beacon frame, SN=979, FN=0, Flags=........C, BI=100, SSID=z5206677"
"40","3.584016767","0a:c5:e1:a7:65:73","Broadcast","802.11","320","-60dBm","Beacon frame, SN=980, FN=0, Flags=........C, BI=100, SSID=z5206677"
"41","3.686461762","0a:c5:e1:a7:65:73","Broadcast","802.11","320","-58dBm","Beacon frame, SN=981, FN=0, Flags=........C, BI=100, SSID=z5206677"
"42","3.788808852","0a:c5:e1:a7:65:73","Broadcast","802.11","320","-58dBm","Beacon frame, SN=982, FN=0, Flags=........C, BI=100, SSID=z5206677"
"43","3.892253436","0a:c5:e1:a7:65:73","Broadcast","802.11","320","-58dBm","Beacon frame, SN=983, FN=0, Flags=........C, BI=100, SSID=z5206677"
"44","3.994660686","0a:c5:e1:a7:65:73","Broadcast","802.11","320","-56dBm","Beacon frame, SN=984, FN=0, Flags=........C, BI=100, SSID=z5206677"
"45","4.096502622","0a:c5:e1:a7:65:73","Broadcast","802.11","320","-58dBm","Beacon frame, SN=985, FN=0, Flags=........C, BI=100, SSID=z5206677"
"46","4.300850160","0a:c5:e1:a7:65:73","Broadcast","802.11","320","-58dBm","Beacon frame, SN=987, FN=0, Flags=........C, BI=100, SSID=z5206677"
"47","4.404258362","0a:c5:e1:a7:65:73","Broadcast","802.11","320","-58dBm","Beacon frame, SN=988, FN=0, Flags=........C, BI=100, SSID=z5206677"
"48","4.506645761","0a:c5:e1:a7:65:73","Broadcast","802.11","320","-60dBm","Beacon frame, SN=989, FN=0, Flags=........C, BI=100, SSID=z5206677"
"49","4.712741283","0a:c5:e1:a7:65:73","Broadcast","802.11","320","-60dBm","Beacon frame, SN=991, FN=0, Flags=........C, BI=100, SSID=z5206677"
"50","4.915277049","0a:c5:e1:a7:65:73","Broadcast","802.11","320","-58dBm","Beacon frame, SN=993, FN=0, Flags=........C, BI=100, SSID=z5206677"
"51","5.017669614","0a:c5:e1:a7:65:73","Broadcast","802.11","320","-60dBm","Beacon frame, SN=994, FN=0, Flags=........C, BI=100, SSID=z5206677"
"52","5.222764434","0a:c5:e1:a7:65:73","Broadcast","802.11","320","-60dBm","Beacon frame, SN=996, FN=0, Flags=........C, BI=100, SSID=z5206677"
"53","5.324857083","0a:c5:e1:a7:65:73","Broadcast","802.11","320","-60dBm","Beacon frame, SN=997, FN=0, Flags=........C, BI=100, SSID=z5206677"
"54","5.428369023","0a:c5:e1:a7:65:73","Broadcast","802.11","320","-60dBm","Beacon frame, SN=998, FN=0, Flags=........C, BI=100, SSID=z5206677"
"55","5.529491418","0a:c5:e1:a7:65:73","Broadcast","802.11","320","-58dBm","Beacon frame, SN=999, FN=0, Flags=........C, BI=100, SSID=z5206677"
"56","5.632224272","0a:c5:e1:a7:65:73","Broadcast","802.11","320","-60dBm","Beacon frame, SN=1000, FN=0, Flags=........C, BI=100, SSID=z5206677"
"57","5.734297809","0a:c5:e1:a7:65:73","Broadcast","802.11","320","-58dBm","Beacon frame, SN=1001, FN=0, Flags=........C, BI=100, SSID=z5206677"
"58","5.837846733","0a:c5:e1:a7:65:73","Broadcast","802.11","320","-58dBm","Beacon frame, SN=1002, FN=0, Flags=........C, BI=100, SSID=z5206677"
"59","5.939694448","0a:c5:e1:a7:65:73","Broadcast","802.11","320","-58dBm","Beacon frame, SN=1003, FN=0, Flags=........C, BI=100, SSID=z5206677"
"60","6.042654759","0a:c5:e1:a7:65:73","Broadcast","802.11","320","-58dBm","Beacon frame, SN=1004, FN=0, Flags=........C, BI=100, SSID=z5206677"
"61","6.144847526","0a:c5:e1:a7:65:73","Broadcast","802.11","320","-58dBm","Beacon frame, SN=1005, FN=0, Flags=........C, BI=100, SSID=z5206677"
"62","6.246861344","0a:c5:e1:a7:65:73","Broadcast","802.11","320","-58dBm","Beacon frame, SN=1006, FN=0, Flags=........C, BI=100, SSID=z5206677"
"63","6.349144557","0a:c5:e1:a7:65:73","Broadcast","802.11","320","-60dBm","Beacon frame, SN=1007, FN=0, Flags=........C, BI=100, SSID=z5206677"
"64","6.452263799","0a:c5:e1:a7:65:73","Broadcast","802.11","320","-58dBm","Beacon frame, SN=1008, FN=0, Flags=........C, BI=100, SSID=z5206677"
"65","6.554645400","0a:c5:e1:a7:65:73","Broadcast","802.11","320","-58dBm","Beacon frame, SN=1009, FN=0, Flags=........C, BI=100, SSID=z5206677"
"66","6.863517823","0a:c5:e1:a7:65:73","Broadcast","802.11","320","-58dBm","Beacon frame, SN=1012, FN=0, Flags=........C, BI=100, SSID=z5206677"
"67","6.963267217","0a:c5:e1:a7:65:73","Broadcast","802.11","320","-58dBm","Beacon frame, SN=1013, FN=0, Flags=........C, BI=100, SSID=z5206677"
"68","7.168742729","0a:c5:e1:a7:65:73","Broadcast","802.11","320","-58dBm","Beacon frame, SN=1015, FN=0, Flags=........C, BI=100, SSID=z5206677"
"69","7.271419988","0a:c5:e1:a7:65:73","Broadcast","802.11","320","-58dBm","Beacon frame, SN=1016, FN=0, Flags=........C, BI=100, SSID=z5206677"
"70","7.372846777","0a:c5:e1:a7:65:73","Broadcast","802.11","320","-58dBm","Beacon frame, SN=1017, FN=0, Flags=........C, BI=100, SSID=z5206677"
"71","7.475295579","0a:c5:e1:a7:65:73","Broadcast","802.11","320","-60dBm","Beacon frame, SN=1018, FN=0, Flags=........C, BI=100, SSID=z5206677"
"72","7.578696009","0a:c5:e1:a7:65:73","Broadcast","802.11","320","-58dBm","Beacon frame, SN=1019, FN=0, Flags=........C, BI=100, SSID=z5206677"
"73","7.782373822","0a:c5:e1:a7:65:73","Broadcast","802.11","320","-58dBm","Beacon frame, SN=1021, FN=0, Flags=........C, BI=100, SSID=z5206677"
"74","7.988348461","0a:c5:e1:a7:65:73","Broadcast","802.11","320","-60dBm","Beacon frame, SN=1023, FN=0, Flags=........C, BI=100, SSID=z5206677"
"75","8.090611141","0a:c5:e1:a7:65:73","Broadcast","802.11","320","-60dBm","Beacon frame, SN=1024, FN=0, Flags=........C, BI=100, SSID=z5206677"
"76","8.295184627","0a:c5:e1:a7:65:73","Broadcast","802.11","320","-56dBm","Beacon frame, SN=1026, FN=0, Flags=........C, BI=100, SSID=z5206677"
"77","8.397004802","0a:c5:e1:a7:65:73","Broadcast","802.11","320","-58dBm","Beacon frame, SN=1027, FN=0, Flags=........C, BI=100, SSID=z5206677"
"78","8.499974167","0a:c5:e1:a7:65:73","Broadcast","802.11","320","-58dBm","Beacon frame, SN=1028, FN=0, Flags=........C, BI=100, SSID=z5206677"
"79","8.602611308","0a:c5:e1:a7:65:73","Broadcast","802.11","320","-58dBm","Beacon frame, SN=1029, FN=0, Flags=........C, BI=100, SSID=z5206677"
"80","8.704854922","0a:c5:e1:a7:65:73","Broadcast","802.11","320","-58dBm","Beacon frame, SN=1030, FN=0, Flags=........C, BI=100, SSID=z5206677"
"81","8.806377155","0a:c5:e1:a7:65:73","Broadcast","802.11","320","-58dBm","Beacon frame, SN=1031, FN=0, Flags=........C, BI=100, SSID=z5206677"
"82","8.908856613","0a:c5:e1:a7:65:73","Broadcast","802.11","320","-58dBm","Beacon frame, SN=1032, FN=0, Flags=........C, BI=100, SSID=z5206677"
"83","9.011267562","0a:c5:e1:a7:65:73","Broadcast","802.11","320","-58dBm","Beacon frame, SN=1033, FN=0, Flags=........C, BI=100, SSID=z5206677"
"84","9.113604838","0a:c5:e1:a7:65:73","Broadcast","802.11","320","-60dBm","Beacon frame, SN=1034, FN=0, Flags=........C, BI=100, SSID=z5206677"
"85","9.217004817","0a:c5:e1:a7:65:73","Broadcast","802.11","320","-58dBm","Beacon frame, SN=1035, FN=0, Flags=........C, BI=100, SSID=z5206677"
"86","9.421832743","0a:c5:e1:a7:65:73","Broadcast","802.11","320","-58dBm","Beacon frame, SN=1037, FN=0, Flags=........C, BI=100, SSID=z5206677"
"87","9.626597077","0a:c5:e1:a7:65:73","Broadcast","802.11","320","-60dBm","Beacon frame, SN=1039, FN=0, Flags=........C, BI=100, SSID=z5206677"
"88","9.727998554","0a:c5:e1:a7:65:73","Broadcast","802.11","320","-58dBm","Beacon frame, SN=1040, FN=0, Flags=........C, BI=100, SSID=z5206677"
"89","9.932846630","0a:c5:e1:a7:65:73","Broadcast","802.11","320","-60dBm","Beacon frame, SN=1042, FN=0, Flags=........C, BI=100, SSID=z5206677"
"90","10.036205436","0a:c5:e1:a7:65:73","Broadcast","802.11","320","-58dBm","Beacon frame, SN=1043, FN=0, Flags=........C, BI=100, SSID=z5206677"
"91","10.137464867","0a:c5:e1:a7:65:73","Broadcast","802.11","320","-58dBm","Beacon frame, SN=1044, FN=0, Flags=........C, BI=100, SSID=z5206677"
"92","10.239857562","0a:c5:e1:a7:65:73","Broadcast","802.11","320","-58dBm","Beacon frame, SN=1045, FN=0, Flags=........C, BI=100, SSID=z5206677"
"93","10.343392813","0a:c5:e1:a7:65:73","Broadcast","802.11","320","-60dBm","Beacon frame, SN=1046, FN=0, Flags=........C, BI=100, SSID=z5206677"
"94","10.548220055","0a:c5:e1:a7:65:73","Broadcast","802.11","320","-58dBm","Beacon frame, SN=1048, FN=0, Flags=........C, BI=100, SSID=z5206677"
"95","10.649477235","0a:c5:e1:a7:65:73","Broadcast","802.11","320","-60dBm","Beacon frame, SN=1049, FN=0, Flags=........C, BI=100, SSID=z5206677"
"96","10.753043296","0a:c5:e1:a7:65:73","Broadcast","802.11","320","-58dBm","Beacon frame, SN=1050, FN=0, Flags=........C, BI=100, SSID=z5206677"
"97","10.854332774","0a:c5:e1:a7:65:73","Broadcast","802.11","320","-58dBm","Beacon frame, SN=1051, FN=0, Flags=........C, BI=100, SSID=z5206677"
"98","10.956671075","0a:c5:e1:a7:65:73","Broadcast","802.11","320","-58dBm","Beacon frame, SN=1052, FN=0, Flags=........C, BI=100, SSID=z5206677"
"99","11.059580260","0a:c5:e1:a7:65:73","Broadcast","802.11","320","-60dBm","Beacon frame, SN=1053, FN=0, Flags=........C, BI=100, SSID=z5206677"
"100","11.161596533","0a:c5:e1:a7:65:73","Broadcast","802.11","320","-58dBm","Beacon frame, SN=1054, FN=0, Flags=........C, BI=100, SSID=z5206677"
"101","11.265002826","0a:c5:e1:a7:65:73","Broadcast","802.11","320","-58dBm","Beacon frame, SN=1055, FN=0, Flags=........C, BI=100, SSID=z5206677"
"102","11.468680140","0a:c5:e1:a7:65:73","Broadcast","802.11","320","-60dBm","Beacon frame, SN=1057, FN=0, Flags=........C, BI=100, SSID=z5206677"
"103","11.571611473","0a:c5:e1:a7:65:73","Broadcast","802.11","320","-58dBm","Beacon frame, SN=1058, FN=0, Flags=........C, BI=100, SSID=z5206677"
"104","11.673519931","0a:c5:e1:a7:65:73","Broadcast","802.11","320","-60dBm","Beacon frame, SN=1059, FN=0, Flags=........C, BI=100, SSID=z5206677"
"105","11.775992380","0a:c5:e1:a7:65:73","Broadcast","802.11","320","-58dBm","Beacon frame, SN=1060, FN=0, Flags=........C, BI=100, SSID=z5206677"
"106","11.980850187","0a:c5:e1:a7:65:73","Broadcast","802.11","320","-58dBm","Beacon frame, SN=1062, FN=0, Flags=........C, BI=100, SSID=z5206677"
"107","12.084183491","0a:c5:e1:a7:65:73","Broadcast","802.11","320","-58dBm","Beacon frame, SN=1063, FN=0, Flags=........C, BI=100, SSID=z5206677"
"108","12.185666275","0a:c5:e1:a7:65:73","Broadcast","802.11","320","-58dBm","Beacon frame, SN=1064, FN=0, Flags=........C, BI=100, SSID=z5206677"
"109","12.288024827","0a:c5:e1:a7:65:73","Broadcast","802.11","320","-58dBm","Beacon frame, SN=1065, FN=0, Flags=........C, BI=100, SSID=z5206677"
"110","12.391383286","0a:c5:e1:a7:65:73","Broadcast","802.11","320","-58dBm","Beacon frame, SN=1066, FN=0, Flags=........C, BI=100, SSID=z5206677"
"111","12.595228864","0a:c5:e1:a7:65:73","Broadcast","802.11","320","-58dBm","Beacon frame, SN=1068, FN=0, Flags=........C, BI=100, SSID=z5206677"
"112","12.799951357","0a:c5:e1:a7:65:73","Broadcast","802.11","320","-58dBm","Beacon frame, SN=1070, FN=0, Flags=........C, BI=100, SSID=z5206677"
"113","12.903377787","0a:c5:e1:a7:65:73","Broadcast","802.11","320","-58dBm","Beacon frame, SN=1071, FN=0, Flags=........C, BI=100, SSID=z5206677"
"114","13.004853536","0a:c5:e1:a7:65:73","Broadcast","802.11","320","-58dBm","Beacon frame, SN=1072, FN=0, Flags=........C, BI=100, SSID=z5206677"
"115","13.107898562","0a:c5:e1:a7:65:73","Broadcast","802.11","320","-58dBm","Beacon frame, SN=1073, FN=0, Flags=........C, BI=100, SSID=z5206677"
"116","13.209755200","0a:c5:e1:a7:65:73","Broadcast","802.11","320","-60dBm","Beacon frame, SN=1074, FN=0, Flags=........C, BI=100, SSID=z5206677"
"117","13.312858932","0a:c5:e1:a7:65:73","Broadcast","802.11","320","-60dBm","Beacon frame, SN=1075, FN=0, Flags=........C, BI=100, SSID=z5206677"
"118","13.415367011","0a:c5:e1:a7:65:73","Broadcast","802.11","320","-58dBm","Beacon frame, SN=1076, FN=0, Flags=........C, BI=100, SSID=z5206677"
"119","13.516860556","0a:c5:e1:a7:65:73","Broadcast","802.11","320","-58dBm","Beacon frame, SN=1077, FN=0, Flags=........C, BI=100, SSID=z5206677"
"120","13.722581221","0a:c5:e1:a7:65:73","Broadcast","802.11","320","-58dBm","Beacon frame, SN=1079, FN=0, Flags=........C, BI=100, SSID=z5206677"
"121","13.823984527","0a:c5:e1:a7:65:73","Broadcast","802.11","320","-58dBm","Beacon frame, SN=1080, FN=0, Flags=........C, BI=100, SSID=z5206677"
"122","13.926332735","0a:c5:e1:a7:65:73","Broadcast","802.11","320","-56dBm","Beacon frame, SN=1081, FN=0, Flags=........C, BI=100, SSID=z5206677"
"123","14.029799207","0a:c5:e1:a7:65:73","Broadcast","802.11","320","-60dBm","Beacon frame, SN=1082, FN=0, Flags=........C, BI=100, SSID=z5206677"
"124","14.234565463","0a:c5:e1:a7:65:73","Broadcast","802.11","320","-58dBm","Beacon frame, SN=1084, FN=0, Flags=........C, BI=100, SSID=z5206677"
"125","14.336337420","0a:c5:e1:a7:65:73","Broadcast","802.11","320","-58dBm","Beacon frame, SN=1085, FN=0, Flags=........C, BI=100, SSID=z5206677"
"126","14.438297316","0a:c5:e1:a7:65:73","Broadcast","802.11","320","-60dBm","Beacon frame, SN=1086, FN=0, Flags=........C, BI=100, SSID=z5206677"
"127","14.540591685","0a:c5:e1:a7:65:73","Broadcast","802.11","320","-60dBm","Beacon frame, SN=1087, FN=0, Flags=........C, BI=100, SSID=z5206677"
"128","14.643009060","0a:c5:e1:a7:65:73","Broadcast","802.11","320","-58dBm","Beacon frame, SN=1088, FN=0, Flags=........C, BI=100, SSID=z5206677"
"129","14.847803542","0a:c5:e1:a7:65:73","Broadcast","802.11","320","-60dBm","Beacon frame, SN=1090, FN=0, Flags=........C, BI=100, SSID=z5206677"
"130","14.951358200","0a:c5:e1:a7:65:73","Broadcast","802.11","320","-58dBm","Beacon frame, SN=1091, FN=0, Flags=........C, BI=100, SSID=z5206677"
"131","15.052849880","0a:c5:e1:a7:65:73","Broadcast","802.11","320","-58dBm","Beacon frame, SN=1092, FN=0, Flags=........C, BI=100, SSID=z5206677"
"132","15.257611199","0a:c5:e1:a7:65:73","Broadcast","802.11","320","-58dBm","Beacon frame, SN=1094, FN=0, Flags=........C, BI=100, SSID=z5206677"
"133","15.360968740","0a:c5:e1:a7:65:73","Broadcast","802.11","320","-58dBm","Beacon frame, SN=1095, FN=0, Flags=........C, BI=100, SSID=z5206677"
"134","15.463344244","0a:c5:e1:a7:65:73","Broadcast","802.11","320","-60dBm","Beacon frame, SN=1096, FN=0, Flags=........C, BI=100, SSID=z5206677"
"135","15.667589900","0a:c5:e1:a7:65:73","Broadcast","802.11","320","-58dBm","Beacon frame, SN=1098, FN=0, Flags=........C, BI=100, SSID=z5206677"
"136","15.773203544","0a:c5:e1:a7:65:73","Broadcast","802.11","320","-60dBm","Beacon frame, SN=1099, FN=0, Flags=........C, BI=100, SSID=z5206677"
"137","15.974399686","0a:c5:e1:a7:65:73","Broadcast","802.11","320","-58dBm","Beacon frame, SN=1101, FN=0, Flags=........C, BI=100, SSID=z5206677"
"138","16.076848941","0a:c5:e1:a7:65:73","Broadcast","802.11","320","-58dBm","Beacon frame, SN=1102, FN=0, Flags=........C, BI=100, SSID=z5206677"
"139","16.179164069","0a:c5:e1:a7:65:73","Broadcast","802.11","320","-58dBm","Beacon frame, SN=1103, FN=0, Flags=........C, BI=100, SSID=z5206677"
"140","16.282525470","0a:c5:e1:a7:65:73","Broadcast","802.11","320","-58dBm","Beacon frame, SN=1104, FN=0, Flags=........C, BI=100, SSID=z5206677"
"141","16.588767463","0a:c5:e1:a7:65:73","Broadcast","802.11","320","-60dBm","Beacon frame, SN=1107, FN=0, Flags=........C, BI=100, SSID=z5206677"
"142","16.691175995","0a:c5:e1:a7:65:73","Broadcast","802.11","320","-58dBm","Beacon frame, SN=1108, FN=0, Flags=........C, BI=100, SSID=z5206677"
"143","16.794532809","0a:c5:e1:a7:65:73","Broadcast","802.11","320","-60dBm","Beacon frame, SN=1109, FN=0, Flags=........C, BI=100, SSID=z5206677"
"144","16.999320196","0a:c5:e1:a7:65:73","Broadcast","802.11","320","-58dBm","Beacon frame, SN=1111, FN=0, Flags=........C, BI=100, SSID=z5206677"
"145","17.102865015","0a:c5:e1:a7:65:73","Broadcast","802.11","320","-58dBm","Beacon frame, SN=1112, FN=0, Flags=........C, BI=100, SSID=z5206677"
"146","17.204142328","0a:c5:e1:a7:65:73","Broadcast","802.11","320","-58dBm","Beacon frame, SN=1113, FN=0, Flags=........C, BI=100, SSID=z5206677"
"147","17.305547199","0a:c5:e1:a7:65:73","Broadcast","802.11","320","-60dBm","Beacon frame, SN=1114, FN=0, Flags=........C, BI=100, SSID=z5206677"
"148","17.407874995","0a:c5:e1:a7:65:73","Broadcast","802.11","320","-58dBm","Beacon frame, SN=1115, FN=0, Flags=........C, BI=100, SSID=z5206677"
"149","17.612688710","0a:c5:e1:a7:65:73","Broadcast","802.11","320","-60dBm","Beacon frame, SN=1117, FN=0, Flags=........C, BI=100, SSID=z5206677"
"150","17.819015606","0a:c5:e1:a7:65:73","Broadcast","802.11","320","-58dBm","Beacon frame, SN=1119, FN=0, Flags=........C, BI=100, SSID=z5206677"
"151","17.920621596","0a:c5:e1:a7:65:73","Broadcast","802.11","320","-58dBm","Beacon frame, SN=1120, FN=0, Flags=........C, BI=100, SSID=z5206677"
"152","18.125724937","0a:c5:e1:a7:65:73","Broadcast","802.11","320","-56dBm","Beacon frame, SN=1122, FN=0, Flags=........C, BI=100, SSID=z5206677"
"153","18.228120747","0a:c5:e1:a7:65:73","Broadcast","802.11","320","-58dBm","Beacon frame, SN=1123, FN=0, Flags=........C, BI=100, SSID=z5206677"
"154","18.329360267","0a:c5:e1:a7:65:73","Broadcast","802.11","320","-60dBm","Beacon frame, SN=1124, FN=0, Flags=........C, BI=100, SSID=z5206677"
"155","18.432914031","0a:c5:e1:a7:65:73","Broadcast","802.11","320","-60dBm","Beacon frame, SN=1125, FN=0, Flags=........C, BI=100, SSID=z5206677"
"156","18.535326253","0a:c5:e1:a7:65:73","Broadcast","802.11","320","-58dBm","Beacon frame, SN=1126, FN=0, Flags=........C, BI=100, SSID=z5206677"
"157","18.636705878","0a:c5:e1:a7:65:73","Broadcast","802.11","320","-58dBm","Beacon frame, SN=1127, FN=0, Flags=........C, BI=100, SSID=z5206677"
"158","18.738955486","0a:c5:e1:a7:65:73","Broadcast","802.11","320","-58dBm","Beacon frame, SN=1128, FN=0, Flags=........C, BI=100, SSID=z5206677"
"159","18.842515311","0a:c5:e1:a7:65:73","Broadcast","802.11","320","-58dBm","Beacon frame, SN=1129, FN=0, Flags=........C, BI=100, SSID=z5206677"
"160","18.944842994","0a:c5:e1:a7:65:73","Broadcast","802.11","320","-60dBm","Beacon frame, SN=1130, FN=0, Flags=........C, BI=100, SSID=z5206677"
"161","19.047319563","0a:c5:e1:a7:65:73","Broadcast","802.11","320","-58dBm","Beacon frame, SN=1131, FN=0, Flags=........C, BI=100, SSID=z5206677"
"162","19.148589097","0a:c5:e1:a7:65:73","Broadcast","802.11","320","-60dBm","Beacon frame, SN=1132, FN=0, Flags=........C, BI=100, SSID=z5206677"
"163","19.252124168","0a:c5:e1:a7:65:73","Broadcast","802.11","320","-58dBm","Beacon frame, SN=1133, FN=0, Flags=........C, BI=100, SSID=z5206677"
"164","19.353401453","0a:c5:e1:a7:65:73","Broadcast","802.11","320","-60dBm","Beacon frame, SN=1134, FN=0, Flags=........C, BI=100, SSID=z5206677"
"165","19.455738952","0a:c5:e1:a7:65:73","Broadcast","802.11","320","-60dBm","Beacon frame, SN=1135, FN=0, Flags=........C, BI=100, SSID=z5206677"
"166","19.763110461","0a:c5:e1:a7:65:73","Broadcast","802.11","320","-58dBm","Beacon frame, SN=1138, FN=0, Flags=........C, BI=100, SSID=z5206677"
"167","19.866516461","0a:c5:e1:a7:65:73","Broadcast","802.11","320","-60dBm","Beacon frame, SN=1139, FN=0, Flags=........C, BI=100, SSID=z5206677"
"168","19.968846848","0a:c5:e1:a7:65:73","Broadcast","802.11","320","-58dBm","Beacon frame, SN=1140, FN=0, Flags=........C, BI=100, SSID=z5206677"
"169","20.172863735","0a:c5:e1:a7:65:73","Broadcast","802.11","320","-58dBm","Beacon frame, SN=1142, FN=0, Flags=........C, BI=100, SSID=z5206677"
"170","20.276107422","0a:c5:e1:a7:65:73","Broadcast","802.11","320","-60dBm","Beacon frame, SN=1143, FN=0, Flags=........C, BI=100, SSID=z5206677"
"171","20.378705004","0a:c5:e1:a7:65:73","Broadcast","802.11","320","-60dBm","Beacon frame, SN=1144, FN=0, Flags=........C, BI=100, SSID=z5206677"
"172","20.582103802","0a:c5:e1:a7:65:73","Broadcast","802.11","320","-60dBm","Beacon frame, SN=1146, FN=0, Flags=........C, BI=100, SSID=z5206677"
"173","20.684629098","0a:c5:e1:a7:65:73","Broadcast","802.11","320","-58dBm","Beacon frame, SN=1147, FN=0, Flags=........C, BI=100, SSID=z5206677"
"174","20.787280178","0a:c5:e1:a7:65:73","Broadcast","802.11","320","-60dBm","Beacon frame, SN=1148, FN=0, Flags=........C, BI=100, SSID=z5206677"
"175","20.889330041","0a:c5:e1:a7:65:73","Broadcast","802.11","320","-58dBm","Beacon frame, SN=1149, FN=0, Flags=........C, BI=100, SSID=z5206677"
"176","20.992851257","0a:c5:e1:a7:65:73","Broadcast","802.11","320","-58dBm","Beacon frame, SN=1150, FN=0, Flags=........C, BI=100, SSID=z5206677"
"177","21.095284632","0a:c5:e1:a7:65:73","Broadcast","802.11","320","-58dBm","Beacon frame, SN=1151, FN=0, Flags=........C, BI=100, SSID=z5206677"
"178","21.196625805","0a:c5:e1:a7:65:73","Broadcast","802.11","320","-58dBm","Beacon frame, SN=1152, FN=0, Flags=........C, BI=100, SSID=z5206677"
"179","21.299914050","0a:c5:e1:a7:65:73","Broadcast","802.11","320","-60dBm","Beacon frame, SN=1153, FN=0, Flags=........C, BI=100, SSID=z5206677"
"180","21.401460912","0a:c5:e1:a7:65:73","Broadcast","802.11","320","-58dBm","Beacon frame, SN=1154, FN=0, Flags=........C, BI=100, SSID=z5206677"
"181","21.503795417","0a:c5:e1:a7:65:73","Broadcast","802.11","320","-56dBm","Beacon frame, SN=1155, FN=0, Flags=........C, BI=100, SSID=z5206677"
"182","21.607293830","0a:c5:e1:a7:65:73","Broadcast","802.11","320","-58dBm","Beacon frame, SN=1156, FN=0, Flags=........C, BI=100, SSID=z5206677"
"183","21.708566940","0a:c5:e1:a7:65:73","Broadcast","802.11","320","-58dBm","Beacon frame, SN=1157, FN=0, Flags=........C, BI=100, SSID=z5206677"
"184","21.812082024","0a:c5:e1:a7:65:73","Broadcast","802.11","320","-60dBm","Beacon frame, SN=1158, FN=0, Flags=........C, BI=100, SSID=z5206677"
"185","21.914431917","0a:c5:e1:a7:65:73","Broadcast","802.11","320","-58dBm","Beacon frame, SN=1159, FN=0, Flags=........C, BI=100, SSID=z5206677"
"186","22.016845242","0a:c5:e1:a7:65:73","Broadcast","802.11","320","-58dBm","Beacon frame, SN=1160, FN=0, Flags=........C, BI=100, SSID=z5206677"
"187","22.118217441","0a:c5:e1:a7:65:73","Broadcast","802.11","320","-60dBm","Beacon frame, SN=1161, FN=0, Flags=........C, BI=100, SSID=z5206677"
"188","22.220851299","0a:c5:e1:a7:65:73","Broadcast","802.11","320","-60dBm","Beacon frame, SN=1162, FN=0, Flags=........C, BI=100, SSID=z5206677"
"189","22.324104377","0a:c5:e1:a7:65:73","Broadcast","802.11","320","-60dBm","Beacon frame, SN=1163, FN=0, Flags=........C, BI=100, SSID=z5206677"
"190","22.426484911","0a:c5:e1:a7:65:73","Broadcast","802.11","320","-58dBm","Beacon frame, SN=1164, FN=0, Flags=........C, BI=100, SSID=z5206677"
"191","22.733346585","0a:c5:e1:a7:65:73","Broadcast","802.11","320","-56dBm","Beacon frame, SN=1167, FN=0, Flags=........C, BI=100, SSID=z5206677"
"192","22.835073921","0a:c5:e1:a7:65:73","Broadcast","802.11","320","-58dBm","Beacon frame, SN=1168, FN=0, Flags=........C, BI=100, SSID=z5206677"
"193","23.039812792","0a:c5:e1:a7:65:73","Broadcast","802.11","320","-58dBm","Beacon frame, SN=1170, FN=0, Flags=........C, BI=100, SSID=z5206677"
"194","23.142145493","0a:c5:e1:a7:65:73","Broadcast","802.11","320","-58dBm","Beacon frame, SN=1171, FN=0, Flags=........C, BI=100, SSID=z5206677"
"195","23.244563715","0a:c5:e1:a7:65:73","Broadcast","802.11","320","-56dBm","Beacon frame, SN=1172, FN=0, Flags=........C, BI=100, SSID=z5206677"
"196","23.348070731","0a:c5:e1:a7:65:73","Broadcast","802.11","320","-58dBm","Beacon frame, SN=1173, FN=0, Flags=........C, BI=100, SSID=z5206677"
"197","23.449422015","0a:c5:e1:a7:65:73","Broadcast","802.11","320","-58dBm","Beacon frame, SN=1174, FN=0, Flags=........C, BI=100, SSID=z5206677"
"198","23.551810291","0a:c5:e1:a7:65:73","Broadcast","802.11","320","-58dBm","Beacon frame, SN=1175, FN=0, Flags=........C, BI=100, SSID=z5206677"
"199","23.654155876","0a:c5:e1:a7:65:73","Broadcast","802.11","320","-60dBm","Beacon frame, SN=1176, FN=0, Flags=........C, BI=100, SSID=z5206677"
"200","23.756499190","0a:c5:e1:a7:65:73","Broadcast","802.11","320","-56dBm","Beacon frame, SN=1177, FN=0, Flags=........C, BI=100, SSID=z5206677"
"201","23.859928579","0a:c5:e1:a7:65:73","Broadcast","802.11","320","-58dBm","Beacon frame, SN=1178, FN=0, Flags=........C, BI=100, SSID=z5206677"
"202","24.371610548","0a:c5:e1:a7:65:73","Broadcast","802.11","320","-58dBm","Beacon frame, SN=1183, FN=0, Flags=........C, BI=100, SSID=z5206677"
"203","24.577247242","0a:c5:e1:a7:65:73","Broadcast","802.11","320","-58dBm","Beacon frame, SN=1185, FN=0, Flags=........C, BI=100, SSID=z5206677"
"204","24.678450578","0a:c5:e1:a7:65:73","Broadcast","802.11","320","-58dBm","Beacon frame, SN=1186, FN=0, Flags=........C, BI=100, SSID=z5206677"
"205","24.780636215","0a:c5:e1:a7:65:73","Broadcast","802.11","320","-56dBm","Beacon frame, SN=1187, FN=0, Flags=........C, BI=100, SSID=z5206677"
"206","24.883067042","0a:c5:e1:a7:65:73","Broadcast","802.11","320","-58dBm","Beacon frame, SN=1188, FN=0, Flags=........C, BI=100, SSID=z5206677"
"207","25.089077155","0a:c5:e1:a7:65:73","Broadcast","802.11","320","-58dBm","Beacon frame, SN=1190, FN=0, Flags=........C, BI=100, SSID=z5206677"
"208","25.190311296","0a:c5:e1:a7:65:73","Broadcast","802.11","320","-60dBm","Beacon frame, SN=1191, FN=0, Flags=........C, BI=100, SSID=z5206677"
"209","25.292594942","0a:c5:e1:a7:65:73","Broadcast","802.11","320","-58dBm","Beacon frame, SN=1192, FN=0, Flags=........C, BI=100, SSID=z5206677"
"210","25.499209748","0a:c5:e1:a7:65:73","Broadcast","802.11","320","-58dBm","Beacon frame, SN=1194, FN=0, Flags=........C, BI=100, SSID=z5206677"
"211","25.599760564","0a:c5:e1:a7:65:73","Broadcast","802.11","320","-60dBm","Beacon frame, SN=1195, FN=0, Flags=........C, BI=100, SSID=z5206677"
"212","25.807717526","0a:c5:e1:a7:65:73","Broadcast","802.11","320","-58dBm","Beacon frame, SN=1197, FN=0, Flags=........C, BI=100, SSID=z5206677"
"213","25.908067098","0a:c5:e1:a7:65:73","Broadcast","802.11","320","-58dBm","Beacon frame, SN=1198, FN=0, Flags=........C, BI=100, SSID=z5206677"
"214","26.009310750","0a:c5:e1:a7:65:73","Broadcast","802.11","320","-56dBm","Beacon frame, SN=1199, FN=0, Flags=........C, BI=100, SSID=z5206677"
"215","26.112855096","0a:c5:e1:a7:65:73","Broadcast","802.11","320","-58dBm","Beacon frame, SN=1200, FN=0, Flags=........C, BI=100, SSID=z5206677"
"216","26.214225388","0a:c5:e1:a7:65:73","Broadcast","802.11","320","-58dBm","Beacon frame, SN=1201, FN=0, Flags=........C, BI=100, SSID=z5206677"
"217","26.316651389","0a:c5:e1:a7:65:73","Broadcast","802.11","320","-58dBm","Beacon frame, SN=1202, FN=0, Flags=........C, BI=100, SSID=z5206677"
"218","26.421640948","0a:c5:e1:a7:65:73","Broadcast","802.11","320","-58dBm","Beacon frame, SN=1203, FN=0, Flags=........C, BI=100, SSID=z5206677"
"219","26.521883993","0a:c5:e1:a7:65:73","Broadcast","802.11","320","-58dBm","Beacon frame, SN=1204, FN=0, Flags=........C, BI=100, SSID=z5206677"
"220","26.625908949","0a:c5:e1:a7:65:73","Broadcast","802.11","320","-60dBm","Beacon frame, SN=1205, FN=0, Flags=........C, BI=100, SSID=z5206677"
"221","26.728970373","0a:c5:e1:a7:65:73","Broadcast","802.11","320","-60dBm","Beacon frame, SN=1206, FN=0, Flags=........C, BI=100, SSID=z5206677"
"222","26.828618928","0a:c5:e1:a7:65:73","Broadcast","802.11","320","-58dBm","Beacon frame, SN=1207, FN=0, Flags=........C, BI=100, SSID=z5206677"
"223","26.931395961","0a:c5:e1:a7:65:73","Broadcast","802.11","320","-60dBm","Beacon frame, SN=1208, FN=0, Flags=........C, BI=100, SSID=z5206677"
"224","27.035543475","0a:c5:e1:a7:65:73","Broadcast","802.11","320","-56dBm","Beacon frame, SN=1209, FN=0, Flags=........C, BI=100, SSID=z5206677"
"225","27.136842340","0a:c5:e1:a7:65:73","Broadcast","802.11","320","-56dBm","Beacon frame, SN=1210, FN=0, Flags=........C, BI=100, SSID=z5206677"
"226","27.444048033","0a:c5:e1:a7:65:73","Broadcast","802.11","320","-58dBm","Beacon frame, SN=1213, FN=0, Flags=........C, BI=100, SSID=z5206677"
"227","27.546063993","0a:c5:e1:a7:65:73","Broadcast","802.11","320","-60dBm","Beacon frame, SN=1214, FN=0, Flags=........C, BI=100, SSID=z5206677"
"228","27.651415558","0a:c5:e1:a7:65:73","Broadcast","802.11","320","-56dBm","Beacon frame, SN=1215, FN=0, Flags=........C, BI=100, SSID=z5206677"
"229","27.751552624","0a:c5:e1:a7:65:73","Broadcast","802.11","320","-56dBm","Beacon frame, SN=1216, FN=0, Flags=........C, BI=100, SSID=z5206677"
"230","27.852513732","0a:c5:e1:a7:65:73","Broadcast","802.11","320","-56dBm","Beacon frame, SN=1217, FN=0, Flags=........C, BI=100, SSID=z5206677"
"231","27.956009481","0a:c5:e1:a7:65:73","Broadcast","802.11","320","-56dBm","Beacon frame, SN=1218, FN=0, Flags=........C, BI=100, SSID=z5206677"
"232","28.057362271","0a:c5:e1:a7:65:73","Broadcast","802.11","320","-64dBm","Beacon frame, SN=1219, FN=0, Flags=........C, BI=100, SSID=z5206677"
"233","28.159616575","0a:c5:e1:a7:65:73","Broadcast","802.11","320","-64dBm","Beacon frame, SN=1220, FN=0, Flags=........C, BI=100, SSID=z5206677"
"234","28.262221924","0a:c5:e1:a7:65:73","Broadcast","802.11","320","-64dBm","Beacon frame, SN=1221, FN=0, Flags=........C, BI=100, SSID=z5206677"
"235","28.364750915","0a:c5:e1:a7:65:73","Broadcast","802.11","320","-58dBm","Beacon frame, SN=1222, FN=0, Flags=........C, BI=100, SSID=z5206677"
"236","28.671851032","0a:c5:e1:a7:65:73","Broadcast","802.11","320","-58dBm","Beacon frame, SN=1225, FN=0, Flags=........C, BI=100, SSID=z5206677"
"237","28.876544127","0a:c5:e1:a7:65:73","Broadcast","802.11","320","-64dBm","Beacon frame, SN=1227, FN=0, Flags=........C, BI=100, SSID=z5206677"
"238","28.978983520","0a:c5:e1:a7:65:73","Broadcast","802.11","320","-64dBm","Beacon frame, SN=1228, FN=0, Flags=........C, BI=100, SSID=z5206677"
"239","29.081485376","0a:c5:e1:a7:65:73","Broadcast","802.11","320","-64dBm","Beacon frame, SN=1229, FN=0, Flags=........C, BI=100, SSID=z5206677"
"240","29.183774436","0a:c5:e1:a7:65:73","Broadcast","802.11","320","-58dBm","Beacon frame, SN=1230, FN=0, Flags=........C, BI=100, SSID=z5206677"
"241","29.388853807","0a:c5:e1:a7:65:73","Broadcast","802.11","320","-58dBm","Beacon frame, SN=1232, FN=0, Flags=........C, BI=100, SSID=z5206677"
"242","29.491171699","0a:c5:e1:a7:65:73","Broadcast","802.11","320","-58dBm","Beacon frame, SN=1233, FN=0, Flags=........C, BI=100, SSID=z5206677"
"243","29.695668913","0a:c5:e1:a7:65:73","Broadcast","802.11","320","-56dBm","Beacon frame, SN=1235, FN=0, Flags=........C, BI=100, SSID=z5206677"
"244","29.799218538","0a:c5:e1:a7:65:73","Broadcast","802.11","320","-56dBm","Beacon frame, SN=1236, FN=0, Flags=........C, BI=100, SSID=z5206677"
"245","30.004001742","0a:c5:e1:a7:65:73","Broadcast","802.11","320","-56dBm","Beacon frame, SN=1238, FN=0, Flags=........C, BI=100, SSID=z5206677"
"246","30.208845682","0a:c5:e1:a7:65:73","Broadcast","802.11","320","-56dBm","Beacon frame, SN=1240, FN=0, Flags=........C, BI=100, SSID=z5206677"
"247","30.310703538","0a:c5:e1:a7:65:73","Broadcast","802.11","320","-56dBm","Beacon frame, SN=1241, FN=0, Flags=........C, BI=100, SSID=z5206677"
"248","30.412549816","0a:c5:e1:a7:65:73","Broadcast","802.11","320","-56dBm","Beacon frame, SN=1242, FN=0, Flags=........C, BI=100, SSID=z5206677"
"249","30.514961108","0a:c5:e1:a7:65:73","Broadcast","802.11","320","-56dBm","Beacon frame, SN=1243, FN=0, Flags=........C, BI=100, SSID=z5206677"
"250","30.720796446","0a:c5:e1:a7:65:73","Broadcast","802.11","320","-56dBm","Beacon frame, SN=1245, FN=0, Flags=........C, BI=100, SSID=z5206677"
"251","30.822833923","0a:c5:e1:a7:65:73","Broadcast","802.11","320","-56dBm","Beacon frame, SN=1246, FN=0, Flags=........C, BI=100, SSID=z5206677"
"252","30.924856173","0a:c5:e1:a7:65:73","Broadcast","802.11","320","-56dBm","Beacon frame, SN=1247, FN=0, Flags=........C, BI=100, SSID=z5206677"
"253","31.027042176","0a:c5:e1:a7:65:73","Broadcast","802.11","320","-56dBm","Beacon frame, SN=1248, FN=0, Flags=........C, BI=100, SSID=z5206677"
"254","31.060511644","0a:c5:e1:a7:65:73","7a:d6:fb:61:62:4d","802.11","314","-54dBm","Probe Response, SN=1249, FN=0, Flags=....R...C, BI=100, SSID=z5206677"
"255","31.064586021","0a:c5:e1:a7:65:73","7a:d6:fb:61:62:4d","802.11","314","-58dBm","Probe Response, SN=1249, FN=0, Flags=....R...C, BI=100, SSID=z5206677"
"256","31.083214668","0a:c5:e1:a7:65:73","7a:d6:fb:61:62:4d","802.11","314","-58dBm","Probe Response, SN=1250, FN=0, Flags=....R...C, BI=100, SSID=z5206677"
"257","31.086697792","0a:c5:e1:a7:65:73","7a:d6:fb:61:62:4d","802.11","314","-56dBm","Probe Response, SN=1250, FN=0, Flags=....R...C, BI=100, SSID=z5206677"
"258","31.107601505","0a:c5:e1:a7:65:73","7a:d6:fb:61:62:4d","802.11","314","-56dBm","Probe Response, SN=1251, FN=0, Flags=....R...C, BI=100, SSID=z5206677"
"259","31.109810062","0a:c5:e1:a7:65:73","7a:d6:fb:61:62:4d","802.11","314","-56dBm","Probe Response, SN=1251, FN=0, Flags=....R...C, BI=100, SSID=z5206677"
"260","31.125752724","0a:c5:e1:a7:65:73","7a:d6:fb:61:62:4d","802.11","314","-56dBm","Probe Response, SN=1252, FN=0, Flags=....R...C, BI=100, SSID=z5206677"
"261","31.127640951","0a:c5:e1:a7:65:73","7a:d6:fb:61:62:4d","802.11","314","-56dBm","Probe Response, SN=1252, FN=0, Flags=....R...C, BI=100, SSID=z5206677"
"262","31.136857777","0a:c5:e1:a7:65:73","7a:d6:fb:61:62:4d","802.11","314","-56dBm","Probe Response, SN=1252, FN=0, Flags=....R...C, BI=100, SSID=z5206677"
"263","31.139237238","0a:c5:e1:a7:65:73","7a:d6:fb:61:62:4d","802.11","314","-58dBm","Probe Response, SN=1252, FN=0, Flags=....R...C, BI=100, SSID=z5206677"
"264","31.141557591","0a:c5:e1:a7:65:73","7a:d6:fb:61:62:4d","802.11","314","-56dBm","Probe Response, SN=1252, FN=0, Flags=....R...C, BI=100, SSID=z5206677"
"265","31.164844597","0a:c5:e1:a7:65:73","7a:d6:fb:61:62:4d","802.11","314","-56dBm","Probe Response, SN=1254, FN=0, Flags=........C, BI=100, SSID=z5206677"
"266","31.167627550","0a:c5:e1:a7:65:73","7a:d6:fb:61:62:4d","802.11","314","-56dBm","Probe Response, SN=1254, FN=0, Flags=....R...C, BI=100, SSID=z5206677"
"267","31.170762088","0a:c5:e1:a7:65:73","7a:d6:fb:61:62:4d","802.11","314","-56dBm","Probe Response, SN=1254, FN=0, Flags=....R...C, BI=100, SSID=z5206677"
"268","31.232799116","0a:c5:e1:a7:65:73","Broadcast","802.11","320","-56dBm","Beacon frame, SN=1255, FN=0, Flags=........C, BI=100, SSID=z5206677"
"269","31.334831206","0a:c5:e1:a7:65:73","Broadcast","802.11","320","-56dBm","Beacon frame, SN=1256, FN=0, Flags=........C, BI=100, SSID=z5206677"
"270","31.436457872","0a:c5:e1:a7:65:73","Broadcast","802.11","320","-56dBm","Beacon frame, SN=1257, FN=0, Flags=........C, BI=100, SSID=z5206677"
"271","31.538983290","0a:c5:e1:a7:65:73","Broadcast","802.11","320","-64dBm","Beacon frame, SN=1258, FN=0, Flags=........C, BI=100, SSID=z5206677"
"272","31.641265020","0a:c5:e1:a7:65:73","Broadcast","802.11","320","-64dBm","Beacon frame, SN=1259, FN=0, Flags=........C, BI=100, SSID=z5206677"
"273","31.744377389","0a:c5:e1:a7:65:73","Broadcast","802.11","320","-64dBm","Beacon frame, SN=1260, FN=0, Flags=........C, BI=100, SSID=z5206677"
"274","31.827893897","0a:c5:e1:a7:65:73","HonHaiPr_bd:47:c2","802.11","314","-58dBm","Probe Response, SN=1261, FN=0, Flags=........C, BI=100, SSID=z5206677"
"275","31.842784350","0a:c5:e1:a7:65:73","HonHaiPr_bd:47:c2","802.11","314","-64dBm","Probe Response, SN=1262, FN=0, Flags=....R...C, BI=100, SSID=z5206677"
"276","31.847166816","0a:c5:e1:a7:65:73","Broadcast","802.11","320","-58dBm","Beacon frame, SN=1263, FN=0, Flags=........C, BI=100, SSID=z5206677"
"277","31.851525026","0a:c5:e1:a7:65:73","HonHaiPr_bd:47:c2","802.11","314","-54dBm","Probe Response, SN=1264, FN=0, Flags=........C, BI=100, SSID=z5206677"
"278","31.854251397","0a:c5:e1:a7:65:73","HonHaiPr_bd:47:c2","802.11","314","-64dBm","Probe Response, SN=1264, FN=0, Flags=....R...C, BI=100, SSID=z5206677"
"279","31.859911158","0a:c5:e1:a7:65:73","HonHaiPr_bd:47:c2","802.11","314","-60dBm","Probe Response, SN=1265, FN=0, Flags=........C, BI=100, SSID=z5206677"
"280","31.948432653","0a:c5:e1:a7:65:73","Broadcast","802.11","320","-58dBm","Beacon frame, SN=1266, FN=0, Flags=........C, BI=100, SSID=z5206677"
"281","32.051979442","0a:c5:e1:a7:65:73","Broadcast","802.11","320","-58dBm","Beacon frame, SN=1267, FN=0, Flags=........C, BI=100, SSID=z5206677"
"282","32.154371689","0a:c5:e1:a7:65:73","Broadcast","802.11","320","-64dBm","Beacon frame, SN=1268, FN=0, Flags=........C, BI=100, SSID=z5206677"
"283","32.257208624","0a:c5:e1:a7:65:73","Broadcast","802.11","320","-56dBm","Beacon frame, SN=1269, FN=0, Flags=........C, BI=100, SSID=z5206677"
"284","32.358110094","0a:c5:e1:a7:65:73","Broadcast","802.11","320","-56dBm","Beacon frame, SN=1270, FN=0, Flags=........C, BI=100, SSID=z5206677"
"285","32.460539050","0a:c5:e1:a7:65:73","Broadcast","802.11","320","-58dBm","Beacon frame, SN=1271, FN=0, Flags=........C, BI=100, SSID=z5206677"
"286","32.564090892","0a:c5:e1:a7:65:73","Broadcast","802.11","320","-56dBm","Beacon frame, SN=1272, FN=0, Flags=........C, BI=100, SSID=z5206677"
"287","32.665945747","0a:c5:e1:a7:65:73","Broadcast","802.11","320","-56dBm","Beacon frame, SN=1273, FN=0, Flags=........C, BI=100, SSID=z5206677"
"288","32.769489705","0a:c5:e1:a7:65:73","Broadcast","802.11","320","-56dBm","Beacon frame, SN=1274, FN=0, Flags=........C, BI=100, SSID=z5206677"
"289","33.177297770","0a:c5:e1:a7:65:73","Broadcast","802.11","320","-56dBm","Beacon frame, SN=1278, FN=0, Flags=........C, BI=100, SSID=z5206677"
"290","33.280386574","0a:c5:e1:a7:65:73","Broadcast","802.11","320","-58dBm","Beacon frame, SN=1279, FN=0, Flags=........C, BI=100, SSID=z5206677"
"291","33.383169683","0a:c5:e1:a7:65:73","Broadcast","802.11","320","-60dBm","Beacon frame, SN=1280, FN=0, Flags=........C, BI=100, SSID=z5206677"
"292","33.484438449","0a:c5:e1:a7:65:73","Broadcast","802.11","320","-58dBm","Beacon frame, SN=1281, FN=0, Flags=........C, BI=100, SSID=z5206677"
"293","33.689338092","0a:c5:e1:a7:65:73","Broadcast","802.11","320","-58dBm","Beacon frame, SN=1283, FN=0, Flags=........C, BI=100, SSID=z5206677"
"294","33.791762514","0a:c5:e1:a7:65:73","Broadcast","802.11","320","-58dBm","Beacon frame, SN=1284, FN=0, Flags=........C, BI=100, SSID=z5206677"
"295","33.894261201","0a:c5:e1:a7:65:73","Broadcast","802.11","320","-58dBm","Beacon frame, SN=1285, FN=0, Flags=........C, BI=100, SSID=z5206677"
"296","33.996465634","0a:c5:e1:a7:65:73","Broadcast","802.11","320","-60dBm","Beacon frame, SN=1286, FN=0, Flags=........C, BI=100, SSID=z5206677"
"297","34.098924587","0a:c5:e1:a7:65:73","Broadcast","802.11","320","-60dBm","Beacon frame, SN=1287, FN=0, Flags=........C, BI=100, SSID=z5206677"
"298","34.202361797","0a:c5:e1:a7:65:73","Broadcast","802.11","320","-56dBm","Beacon frame, SN=1288, FN=0, Flags=........C, BI=100, SSID=z5206677"
"299","34.304786295","0a:c5:e1:a7:65:73","Broadcast","802.11","320","-56dBm","Beacon frame, SN=1289, FN=0, Flags=........C, BI=100, SSID=z5206677"
"300","34.407116138","0a:c5:e1:a7:65:73","Broadcast","802.11","320","-56dBm","Beacon frame, SN=1290, FN=0, Flags=........C, BI=100, SSID=z5206677"
"301","34.508436415","0a:c5:e1:a7:65:73","Broadcast","802.11","320","-56dBm","Beacon frame, SN=1291, FN=0, Flags=........C, BI=100, SSID=z5206677"
"302","34.611943489","0a:c5:e1:a7:65:73","Broadcast","802.11","320","-56dBm","Beacon frame, SN=1292, FN=0, Flags=........C, BI=100, SSID=z5206677"
"303","34.714335676","0a:c5:e1:a7:65:73","Broadcast","802.11","320","-56dBm","Beacon frame, SN=1293, FN=0, Flags=........C, BI=100, SSID=z5206677"
"304","34.816780763","0a:c5:e1:a7:65:73","Broadcast","802.11","320","-56dBm","Beacon frame, SN=1294, FN=0, Flags=........C, BI=100, SSID=z5206677"
"305","34.919152414","0a:c5:e1:a7:65:73","Broadcast","802.11","320","-56dBm","Beacon frame, SN=1295, FN=0, Flags=........C, BI=100, SSID=z5206677"
"306","35.020446487","0a:c5:e1:a7:65:73","Broadcast","802.11","320","-56dBm","Beacon frame, SN=1296, FN=0, Flags=........C, BI=100, SSID=z5206677"
"307","35.123192822","0a:c5:e1:a7:65:73","Broadcast","802.11","320","-56dBm","Beacon frame, SN=1297, FN=0, Flags=........C, BI=100, SSID=z5206677"
"308","35.225275574","0a:c5:e1:a7:65:73","Broadcast","802.11","320","-58dBm","Beacon frame, SN=1298, FN=0, Flags=........C, BI=100, SSID=z5206677"
"309","35.532397963","0a:c5:e1:a7:65:73","Broadcast","802.11","320","-58dBm","Beacon frame, SN=1301, FN=0, Flags=........C, BI=100, SSID=z5206677"
"310","35.635554101","0a:c5:e1:a7:65:73","Broadcast","802.11","320","-58dBm","Beacon frame, SN=1302, FN=0, Flags=........C, BI=100, SSID=z5206677"
"311","35.738358214","0a:c5:e1:a7:65:73","Broadcast","802.11","320","-58dBm","Beacon frame, SN=1303, FN=0, Flags=........C, BI=100, SSID=z5206677"
"312","35.942128346","0a:c5:e1:a7:65:73","Broadcast","802.11","320","-60dBm","Beacon frame, SN=1305, FN=0, Flags=........C, BI=100, SSID=z5206677"
"313","36.046115231","0a:c5:e1:a7:65:73","Broadcast","802.11","320","-64dBm","Beacon frame, SN=1306, FN=0, Flags=........C, BI=100, SSID=z5206677"
"314","36.146810613","0a:c5:e1:a7:65:73","Broadcast","802.11","320","-64dBm","Beacon frame, SN=1307, FN=0, Flags=........C, BI=100, SSID=z5206677"
"315","36.357425422","0a:c5:e1:a7:65:73","Broadcast","802.11","320","-64dBm","Beacon frame, SN=1309, FN=0, Flags=........C, BI=100, SSID=z5206677"
"316","36.455130273","0a:c5:e1:a7:65:73","Broadcast","802.11","320","-58dBm","Beacon frame, SN=1310, FN=0, Flags=........C, BI=100, SSID=z5206677"
"317","36.556506294","0a:c5:e1:a7:65:73","Broadcast","802.11","320","-58dBm","Beacon frame, SN=1311, FN=0, Flags=........C, BI=100, SSID=z5206677"
"318","36.659893679","0a:c5:e1:a7:65:73","Broadcast","802.11","320","-58dBm","Beacon frame, SN=1312, FN=0, Flags=........C, BI=100, SSID=z5206677"
"319","36.762333950","0a:c5:e1:a7:65:73","Broadcast","802.11","320","-58dBm","Beacon frame, SN=1313, FN=0, Flags=........C, BI=100, SSID=z5206677"
"320","36.863953568","0a:c5:e1:a7:65:73","Broadcast","802.11","320","-58dBm","Beacon frame, SN=1314, FN=0, Flags=........C, BI=100, SSID=z5206677"
"321","36.967798254","0a:c5:e1:a7:65:73","Broadcast","802.11","320","-60dBm","Beacon frame, SN=1315, FN=0, Flags=........C, BI=100, SSID=z5206677"
"322","37.069539327","0a:c5:e1:a7:65:73","Broadcast","802.11","320","-64dBm","Beacon frame, SN=1316, FN=0, Flags=........C, BI=100, SSID=z5206677"
"323","37.273312112","0a:c5:e1:a7:65:73","Broadcast","802.11","320","-60dBm","Beacon frame, SN=1318, FN=0, Flags=........C, BI=100, SSID=z5206677"
"324","37.478113220","0a:c5:e1:a7:65:73","Broadcast","802.11","320","-60dBm","Beacon frame, SN=1320, FN=0, Flags=........C, BI=100, SSID=z5206677"
"325","37.580853913","0a:c5:e1:a7:65:73","Broadcast","802.11","320","-64dBm","Beacon frame, SN=1321, FN=0, Flags=........C, BI=100, SSID=z5206677"
"326","37.684350449","0a:c5:e1:a7:65:73","Broadcast","802.11","320","-60dBm","Beacon frame, SN=1322, FN=0, Flags=........C, BI=100, SSID=z5206677"
"327","37.785148472","0a:c5:e1:a7:65:73","Broadcast","802.11","320","-60dBm","Beacon frame, SN=1323, FN=0, Flags=........C, BI=100, SSID=z5206677"
"328","37.887758947","0a:c5:e1:a7:65:73","Broadcast","802.11","320","-58dBm","Beacon frame, SN=1324, FN=0, Flags=........C, BI=100, SSID=z5206677"
"329","37.990112211","0a:c5:e1:a7:65:73","Broadcast","802.11","320","-58dBm","Beacon frame, SN=1325, FN=0, Flags=........C, BI=100, SSID=z5206677"
"330","38.195572821","0a:c5:e1:a7:65:73","Broadcast","802.11","320","-64dBm","Beacon frame, SN=1327, FN=0, Flags=........C, BI=100, SSID=z5206677"
"331","38.297441617","0a:c5:e1:a7:65:73","Broadcast","802.11","320","-60dBm","Beacon frame, SN=1328, FN=0, Flags=........C, BI=100, SSID=z5206677"
"332","38.399813250","0a:c5:e1:a7:65:73","Broadcast","802.11","320","-58dBm","Beacon frame, SN=1329, FN=0, Flags=........C, BI=100, SSID=z5206677"
"333","38.503115711","0a:c5:e1:a7:65:73","Broadcast","802.11","320","-60dBm","Beacon frame, SN=1330, FN=0, Flags=........C, BI=100, SSID=z5206677"
"334","38.604496671","0a:c5:e1:a7:65:73","Broadcast","802.11","320","-58dBm","Beacon frame, SN=1331, FN=0, Flags=........C, BI=100, SSID=z5206677"
"335","38.706873390","0a:c5:e1:a7:65:73","Broadcast","802.11","320","-58dBm","Beacon frame, SN=1332, FN=0, Flags=........C, BI=100, SSID=z5206677"
"336","38.812497341","0a:c5:e1:a7:65:73","Broadcast","802.11","320","-58dBm","Beacon frame, SN=1333, FN=0, Flags=........C, BI=100, SSID=z5206677"
"337","38.912737453","0a:c5:e1:a7:65:73","Broadcast","802.11","320","-60dBm","Beacon frame, SN=1334, FN=0, Flags=........C, BI=100, SSID=z5206677"
"338","39.015117477","0a:c5:e1:a7:65:73","Broadcast","802.11","320","-58dBm","Beacon frame, SN=1335, FN=0, Flags=........C, BI=100, SSID=z5206677"
"339","39.116851642","0a:c5:e1:a7:65:73","Broadcast","802.11","320","-60dBm","Beacon frame, SN=1336, FN=0, Flags=........C, BI=100, SSID=z5206677"
"340","39.218911912","0a:c5:e1:a7:65:73","Broadcast","802.11","320","-60dBm","Beacon frame, SN=1337, FN=0, Flags=........C, BI=100, SSID=z5206677"
"341","39.424729468","0a:c5:e1:a7:65:73","Broadcast","802.11","320","-58dBm","Beacon frame, SN=1339, FN=0, Flags=........C, BI=100, SSID=z5206677"
"342","39.527109497","0a:c5:e1:a7:65:73","Broadcast","802.11","320","-58dBm","Beacon frame, SN=1340, FN=0, Flags=........C, BI=100, SSID=z5206677"
"343","39.629486384","0a:c5:e1:a7:65:73","Broadcast","802.11","320","-60dBm","Beacon frame, SN=1341, FN=0, Flags=........C, BI=100, SSID=z5206677"
"344","39.732103540","0a:c5:e1:a7:65:73","Broadcast","802.11","320","-58dBm","Beacon frame, SN=1342, FN=0, Flags=........C, BI=100, SSID=z5206677"
"345","39.834295412","0a:c5:e1:a7:65:73","Broadcast","802.11","320","-58dBm","Beacon frame, SN=1343, FN=0, Flags=........C, BI=100, SSID=z5206677"
"346","39.939397360","0a:c5:e1:a7:65:73","Broadcast","802.11","320","-58dBm","Beacon frame, SN=1344, FN=0, Flags=........C, BI=100, SSID=z5206677"
"347","40.038106518","0a:c5:e1:a7:65:73","Broadcast","802.11","320","-58dBm","Beacon frame, SN=1345, FN=0, Flags=........C, BI=100, SSID=z5206677"
"348","40.242708879","0a:c5:e1:a7:65:73","Broadcast","802.11","320","-58dBm","Beacon frame, SN=1347, FN=0, Flags=........C, BI=100, SSID=z5206677"
"349","40.347104909","0a:c5:e1:a7:65:73","Broadcast","802.11","320","-60dBm","Beacon frame, SN=1348, FN=0, Flags=........C, BI=100, SSID=z5206677"
"350","40.448278061","0a:c5:e1:a7:65:73","Broadcast","802.11","320","-58dBm","Beacon frame, SN=1349, FN=0, Flags=........C, BI=100, SSID=z5206677"
"351","40.652343206","0a:c5:e1:a7:65:73","Broadcast","802.11","320","-58dBm","Beacon frame, SN=1351, FN=0, Flags=........C, BI=100, SSID=z5206677"
"352","40.754744059","0a:c5:e1:a7:65:73","Broadcast","802.11","320","-58dBm","Beacon frame, SN=1352, FN=0, Flags=........C, BI=100, SSID=z5206677"
"353","41.063950245","0a:c5:e1:a7:65:73","Broadcast","802.11","320","-58dBm","Beacon frame, SN=1355, FN=0, Flags=........C, BI=100, SSID=z5206677"
"354","41.164323519","0a:c5:e1:a7:65:73","Broadcast","802.11","320","-60dBm","Beacon frame, SN=1356, FN=0, Flags=........C, BI=100, SSID=z5206677"
"355","41.267536795","0a:c5:e1:a7:65:73","Broadcast","802.11","320","-58dBm","Beacon frame, SN=1357, FN=0, Flags=........C, BI=100, SSID=z5206677"
"356","41.472702889","0a:c5:e1:a7:65:73","Broadcast","802.11","320","-60dBm","Beacon frame, SN=1359, FN=0, Flags=........C, BI=100, SSID=z5206677"
"357","41.575079700","0a:c5:e1:a7:65:73","Broadcast","802.11","320","-58dBm","Beacon frame, SN=1360, FN=0, Flags=........C, BI=100, SSID=z5206677"
"358","41.676702402","0a:c5:e1:a7:65:73","Broadcast","802.11","320","-58dBm","Beacon frame, SN=1361, FN=0, Flags=........C, BI=100, SSID=z5206677"
"359","41.778707961","0a:c5:e1:a7:65:73","Broadcast","802.11","320","-58dBm","Beacon frame, SN=1362, FN=0, Flags=........C, BI=100, SSID=z5206677"
"360","41.881096221","0a:c5:e1:a7:65:73","Broadcast","802.11","320","-58dBm","Beacon frame, SN=1363, FN=0, Flags=........C, BI=100, SSID=z5206677"
"361","41.984237421","0a:c5:e1:a7:65:73","Broadcast","802.11","320","-58dBm","Beacon frame, SN=1364, FN=0, Flags=........C, BI=100, SSID=z5206677"
"362","42.086100883","0a:c5:e1:a7:65:73","Broadcast","802.11","320","-64dBm","Beacon frame, SN=1365, FN=0, Flags=........C, BI=100, SSID=z5206677"
"363","42.188430812","0a:c5:e1:a7:65:73","Broadcast","802.11","320","-58dBm","Beacon frame, SN=1366, FN=0, Flags=........C, BI=100, SSID=z5206677"
"364","42.393308582","0a:c5:e1:a7:65:73","Broadcast","802.11","320","-58dBm","Beacon frame, SN=1368, FN=0, Flags=........C, BI=100, SSID=z5206677"
"365","42.496502626","0a:c5:e1:a7:65:73","Broadcast","802.11","320","-58dBm","Beacon frame, SN=1369, FN=0, Flags=........C, BI=100, SSID=z5206677"
"366","42.599063269","0a:c5:e1:a7:65:73","Broadcast","802.11","320","-58dBm","Beacon frame, SN=1370, FN=0, Flags=........C, BI=100, SSID=z5206677"
"367","42.700402875","0a:c5:e1:a7:65:73","Broadcast","802.11","320","-58dBm","Beacon frame, SN=1371, FN=0, Flags=........C, BI=100, SSID=z5206677"
"368","42.802810609","0a:c5:e1:a7:65:73","Broadcast","802.11","320","-60dBm","Beacon frame, SN=1372, FN=0, Flags=........C, BI=100, SSID=z5206677"
"369","43.008695799","0a:c5:e1:a7:65:73","Broadcast","802.11","320","-58dBm","Beacon frame, SN=1374, FN=0, Flags=........C, BI=100, SSID=z5206677"
"370","43.111024924","0a:c5:e1:a7:65:73","Broadcast","802.11","320","-60dBm","Beacon frame, SN=1375, FN=0, Flags=........C, BI=100, SSID=z5206677"
"371","43.212675858","0a:c5:e1:a7:65:73","Broadcast","802.11","320","-60dBm","Beacon frame, SN=1376, FN=0, Flags=........C, BI=100, SSID=z5206677"
"372","43.315208237","0a:c5:e1:a7:65:73","Broadcast","802.11","320","-58dBm","Beacon frame, SN=1377, FN=0, Flags=........C, BI=100, SSID=z5206677"
"373","43.417258737","0a:c5:e1:a7:65:73","Broadcast","802.11","320","-60dBm","Beacon frame, SN=1378, FN=0, Flags=........C, BI=100, SSID=z5206677"
"374","43.519644640","0a:c5:e1:a7:65:73","Broadcast","802.11","320","-60dBm","Beacon frame, SN=1379, FN=0, Flags=........C, BI=100, SSID=z5206677"
"375","43.623098390","0a:c5:e1:a7:65:73","Broadcast","802.11","320","-58dBm","Beacon frame, SN=1380, FN=0, Flags=........C, BI=100, SSID=z5206677"
"376","43.724848043","0a:c5:e1:a7:65:73","Broadcast","802.11","320","-60dBm","Beacon frame, SN=1381, FN=0, Flags=........C, BI=100, SSID=z5206677"
"377","44.032789935","0a:c5:e1:a7:65:73","Broadcast","802.11","320","-58dBm","Beacon frame, SN=1384, FN=0, Flags=........C, BI=100, SSID=z5206677"
"378","44.236851626","0a:c5:e1:a7:65:73","Broadcast","802.11","320","-58dBm","Beacon frame, SN=1386, FN=0, Flags=........C, BI=100, SSID=z5206677"
"379","44.441094088","0a:c5:e1:a7:65:73","Broadcast","802.11","320","-60dBm","Beacon frame, SN=1388, FN=0, Flags=........C, BI=100, SSID=z5206677"
"380","44.544653860","0a:c5:e1:a7:65:73","Broadcast","802.11","320","-60dBm","Beacon frame, SN=1389, FN=0, Flags=........C, BI=100, SSID=z5206677"
"381","44.748962829","0a:c5:e1:a7:65:73","Broadcast","802.11","320","-58dBm","Beacon frame, SN=1391, FN=0, Flags=........C, BI=100, SSID=z5206677"
"382","44.953112327","0a:c5:e1:a7:65:73","Broadcast","802.11","320","-58dBm","Beacon frame, SN=1393, FN=0, Flags=........C, BI=100, SSID=z5206677"
"383","45.056659871","0a:c5:e1:a7:65:73","Broadcast","802.11","320","-60dBm","Beacon frame, SN=1394, FN=0, Flags=........C, BI=100, SSID=z5206677"
"384","45.260995207","0a:c5:e1:a7:65:73","Broadcast","802.11","320","-60dBm","Beacon frame, SN=1396, FN=0, Flags=........C, BI=100, SSID=z5206677"
"385","45.362831426","0a:c5:e1:a7:65:73","Broadcast","802.11","320","-60dBm","Beacon frame, SN=1397, FN=0, Flags=........C, BI=100, SSID=z5206677"
"386","45.454282010","0a:c5:e1:a7:65:73","Raspberr_6c:11:65","802.11","314","-58dBm","Probe Response, SN=1398, FN=0, Flags=....R...C, BI=100, SSID=z5206677"
"387","45.457102829","0a:c5:e1:a7:65:73","Raspberr_6c:11:65","802.11","314","-58dBm","Probe Response, SN=1398, FN=0, Flags=....R...C, BI=100, SSID=z5206677"
"388","45.460725458","0a:c5:e1:a7:65:73","Raspberr_6c:11:65","802.11","314","-58dBm","Probe Response, SN=1398, FN=0, Flags=....R...C, BI=100, SSID=z5206677"
"389","45.463579010","0a:c5:e1:a7:65:73","Raspberr_6c:11:65","802.11","314","-60dBm","Probe Response, SN=1398, FN=0, Flags=....R...C, BI=100, SSID=z5206677"
"390","45.468844820","0a:c5:e1:a7:65:73","Raspberr_6c:11:65","802.11","314","-60dBm","Probe Response, SN=1398, FN=0, Flags=....R...C, BI=100, SSID=z5206677"
"391","45.474185731","0a:c5:e1:a7:65:73","Raspberr_6c:11:65","802.11","314","-56dBm","Probe Response, SN=1398, FN=0, Flags=....R...C, BI=100, SSID=z5206677"
"392","45.567599222","0a:c5:e1:a7:65:73","Broadcast","802.11","320","-58dBm","Beacon frame, SN=1400, FN=0, Flags=........C, BI=100, SSID=z5206677"
"393","45.670769660","0a:c5:e1:a7:65:73","Broadcast","802.11","320","-58dBm","Beacon frame, SN=1401, FN=0, Flags=........C, BI=100, SSID=z5206677"
"394","45.772851995","0a:c5:e1:a7:65:73","Broadcast","802.11","320","-58dBm","Beacon frame, SN=1402, FN=0, Flags=........C, BI=100, SSID=z5206677"
"395","45.875303894","0a:c5:e1:a7:65:73","Broadcast","802.11","320","-58dBm","Beacon frame, SN=1403, FN=0, Flags=........C, BI=100, SSID=z5206677"
"396","46.079945823","0a:c5:e1:a7:65:73","Broadcast","802.11","320","-60dBm","Beacon frame, SN=1405, FN=0, Flags=........C, BI=100, SSID=z5206677"
"397","46.181984563","0a:c5:e1:a7:65:73","Broadcast","802.11","320","-58dBm","Beacon frame, SN=1406, FN=0, Flags=........C, BI=100, SSID=z5206677"
"398","46.489300558","0a:c5:e1:a7:65:73","Broadcast","802.11","320","-58dBm","Beacon frame, SN=1409, FN=0, Flags=........C, BI=100, SSID=z5206677"
"399","46.592655688","0a:c5:e1:a7:65:73","Broadcast","802.11","320","-60dBm","Beacon frame, SN=1410, FN=0, Flags=........C, BI=100, SSID=z5206677"
"400","46.695028540","0a:c5:e1:a7:65:73","Broadcast","802.11","320","-58dBm","Beacon frame, SN=1411, FN=0, Flags=........C, BI=100, SSID=z5206677"
"401","46.796963967","0a:c5:e1:a7:65:73","Broadcast","802.11","320","-58dBm","Beacon frame, SN=1412, FN=0, Flags=........C, BI=100, SSID=z5206677"
"402","46.898816668","0a:c5:e1:a7:65:73","Broadcast","802.11","320","-58dBm","Beacon frame, SN=1413, FN=0, Flags=........C, BI=100, SSID=z5206677"
"403","47.001062068","0a:c5:e1:a7:65:73","Broadcast","802.11","320","-58dBm","Beacon frame, SN=1414, FN=0, Flags=........C, BI=100, SSID=z5206677"
"404","47.104620962","0a:c5:e1:a7:65:73","Broadcast","802.11","320","-60dBm","Beacon frame, SN=1415, FN=0, Flags=........C, BI=100, SSID=z5206677"
"405","47.207925379","0a:c5:e1:a7:65:73","Broadcast","802.11","320","-58dBm","Beacon frame, SN=1416, FN=0, Flags=........C, BI=100, SSID=z5206677"
"406","47.308856268","0a:c5:e1:a7:65:73","Broadcast","802.11","320","-58dBm","Beacon frame, SN=1417, FN=0, Flags=........C, BI=100, SSID=z5206677"
"407","47.411827412","0a:c5:e1:a7:65:73","Broadcast","802.11","320","-60dBm","Beacon frame, SN=1418, FN=0, Flags=........C, BI=100, SSID=z5206677"
"408","47.513242720","0a:c5:e1:a7:65:73","Broadcast","802.11","320","-64dBm","Beacon frame, SN=1419, FN=0, Flags=........C, BI=100, SSID=z5206677"
"409","47.615605825","0a:c5:e1:a7:65:73","Broadcast","802.11","320","-58dBm","Beacon frame, SN=1420, FN=0, Flags=........C, BI=100, SSID=z5206677"
"410","47.820841511","0a:c5:e1:a7:65:73","Broadcast","802.11","320","-60dBm","Beacon frame, SN=1422, FN=0, Flags=........C, BI=100, SSID=z5206677"
"411","47.923822185","0a:c5:e1:a7:65:73","Broadcast","802.11","320","-58dBm","Beacon frame, SN=1423, FN=0, Flags=........C, BI=100, SSID=z5206677"
"412","48.025186465","0a:c5:e1:a7:65:73","Broadcast","802.11","320","-58dBm","Beacon frame, SN=1424, FN=0, Flags=........C, BI=100, SSID=z5206677"
"413","48.128724170","0a:c5:e1:a7:65:73","Broadcast","802.11","320","-60dBm","Beacon frame, SN=1425, FN=0, Flags=........C, BI=100, SSID=z5206677"
"414","48.332398989","0a:c5:e1:a7:65:73","Broadcast","802.11","320","-60dBm","Beacon frame, SN=1427, FN=0, Flags=........C, BI=100, SSID=z5206677"
"415","48.434749586","0a:c5:e1:a7:65:73","Broadcast","802.11","320","-60dBm","Beacon frame, SN=1428, FN=0, Flags=........C, BI=100, SSID=z5206677"
"416","48.537134858","0a:c5:e1:a7:65:73","Broadcast","802.11","320","-60dBm","Beacon frame, SN=1429, FN=0, Flags=........C, BI=100, SSID=z5206677"
"417","48.639462141","0a:c5:e1:a7:65:73","Broadcast","802.11","320","-60dBm","Beacon frame, SN=1430, FN=0, Flags=........C, BI=100, SSID=z5206677"
"418","48.743242562","0a:c5:e1:a7:65:73","Broadcast","802.11","320","-58dBm","Beacon frame, SN=1431, FN=0, Flags=........C, BI=100, SSID=z5206677"
"419","48.844839046","0a:c5:e1:a7:65:73","Broadcast","802.11","320","-60dBm","Beacon frame, SN=1432, FN=0, Flags=........C, BI=100, SSID=z5206677"
"420","48.946807998","0a:c5:e1:a7:65:73","Broadcast","802.11","320","-58dBm","Beacon frame, SN=1433, FN=0, Flags=........C, BI=100, SSID=z5206677"
"421","49.049078483","0a:c5:e1:a7:65:73","Broadcast","802.11","320","-58dBm","Beacon frame, SN=1434, FN=0, Flags=........C, BI=100, SSID=z5206677"
"422","49.151496610","0a:c5:e1:a7:65:73","Broadcast","802.11","320","-64dBm","Beacon frame, SN=1435, FN=0, Flags=........C, BI=100, SSID=z5206677"
"423","49.255019743","0a:c5:e1:a7:65:73","Broadcast","802.11","320","-60dBm","Beacon frame, SN=1436, FN=0, Flags=........C, BI=100, SSID=z5206677"
"424","49.357364038","0a:c5:e1:a7:65:73","Broadcast","802.11","320","-58dBm","Beacon frame, SN=1437, FN=0, Flags=........C, BI=100, SSID=z5206677"
"425","49.561193906","0a:c5:e1:a7:65:73","Broadcast","802.11","320","-64dBm","Beacon frame, SN=1439, FN=0, Flags=........C, BI=100, SSID=z5206677"
"426","49.663575856","0a:c5:e1:a7:65:73","Broadcast","802.11","320","-60dBm","Beacon frame, SN=1440, FN=0, Flags=........C, BI=100, SSID=z5206677"
"427","49.767003571","0a:c5:e1:a7:65:73","Broadcast","802.11","320","-58dBm","Beacon frame, SN=1441, FN=0, Flags=........C, BI=100, SSID=z5206677"
"428","50.073194388","0a:c5:e1:a7:65:73","Broadcast","802.11","320","-60dBm","Beacon frame, SN=1444, FN=0, Flags=........C, BI=100, SSID=z5206677"
"429","50.277946753","0a:c5:e1:a7:65:73","Broadcast","802.11","320","-60dBm","Beacon frame, SN=1446, FN=0, Flags=........C, BI=100, SSID=z5206677"
"430","50.380238360","0a:c5:e1:a7:65:73","Broadcast","802.11","320","-58dBm","Beacon frame, SN=1447, FN=0, Flags=........C, BI=100, SSID=z5206677"
"431","50.483138239","0a:c5:e1:a7:65:73","Broadcast","802.11","320","-58dBm","Beacon frame, SN=1448, FN=0, Flags=........C, BI=100, SSID=z5206677"
"432","50.687602228","0a:c5:e1:a7:65:73","Broadcast","802.11","320","-58dBm","Beacon frame, SN=1450, FN=0, Flags=........C, BI=100, SSID=z5206677"
"433","50.791000340","0a:c5:e1:a7:65:73","Broadcast","802.11","320","-58dBm","Beacon frame, SN=1451, FN=0, Flags=........C, BI=100, SSID=z5206677"
"434","50.994834917","0a:c5:e1:a7:65:73","Broadcast","802.11","320","-58dBm","Beacon frame, SN=1453, FN=0, Flags=........C, BI=100, SSID=z5206677"
"435","51.302976197","0a:c5:e1:a7:65:73","Broadcast","802.11","320","-60dBm","Beacon frame, SN=1456, FN=0, Flags=........C, BI=100, SSID=z5206677"
"436","51.609194178","0a:c5:e1:a7:65:73","Broadcast","802.11","320","-58dBm","Beacon frame, SN=1459, FN=0, Flags=........C, BI=100, SSID=z5206677"
"437","51.711569528","0a:c5:e1:a7:65:73","Broadcast","802.11","320","-60dBm","Beacon frame, SN=1460, FN=0, Flags=........C, BI=100, SSID=z5206677"
"438","51.916267210","0a:c5:e1:a7:65:73","Broadcast","802.11","320","-58dBm","Beacon frame, SN=1462, FN=0, Flags=........C, BI=100, SSID=z5206677"
"439","52.020291329","0a:c5:e1:a7:65:73","Broadcast","802.11","320","-58dBm","Beacon frame, SN=1463, FN=0, Flags=........C, BI=100, SSID=z5206677"
"440","52.121106020","0a:c5:e1:a7:65:73","Broadcast","802.11","320","-64dBm","Beacon frame, SN=1464, FN=0, Flags=........C, BI=100, SSID=z5206677"
"441","52.531469939","0a:c5:e1:a7:65:73","Broadcast","802.11","320","-60dBm","Beacon frame, SN=1468, FN=0, Flags=........C, BI=100, SSID=z5206677"
"442","52.633117029","0a:c5:e1:a7:65:73","Broadcast","802.11","320","-60dBm","Beacon frame, SN=1469, FN=0, Flags=........C, BI=100, SSID=z5206677"
"443","52.736566634","0a:c5:e1:a7:65:73","Broadcast","802.11","320","-60dBm","Beacon frame, SN=1470, FN=0, Flags=........C, BI=100, SSID=z5206677"
"444","52.838137323","0a:c5:e1:a7:65:73","Broadcast","802.11","320","-58dBm","Beacon frame, SN=1471, FN=0, Flags=........C, BI=100, SSID=z5206677"
"445","52.858528489","0a:c5:e1:a7:65:73","AzureWav_2b:9d:0e","802.11","314","-56dBm","Probe Response, SN=1472, FN=0, Flags=....R...C, BI=100, SSID=z5206677"
"446","52.867136780","0a:c5:e1:a7:65:73","AzureWav_2b:9d:0e","802.11","314","-56dBm","Probe Response, SN=1472, FN=0, Flags=....R...C, BI=100, SSID=z5206677"
"447","52.872920366","0a:c5:e1:a7:65:73","AzureWav_2b:9d:0e","802.11","314","-56dBm","Probe Response, SN=1472, FN=0, Flags=....R...C, BI=100, SSID=z5206677"
"448","52.941367777","0a:c5:e1:a7:65:73","Broadcast","802.11","320","-56dBm","Beacon frame, SN=1473, FN=0, Flags=........C, BI=100, SSID=z5206677"
"449","53.042752794","0a:c5:e1:a7:65:73","Broadcast","802.11","320","-58dBm","Beacon frame, SN=1474, FN=0, Flags=........C, BI=100, SSID=z5206677"
"450","53.145012637","0a:c5:e1:a7:65:73","Broadcast","802.11","320","-58dBm","Beacon frame, SN=1475, FN=0, Flags=........C, BI=100, SSID=z5206677"
"451","53.247500773","0a:c5:e1:a7:65:73","Broadcast","802.11","320","-58dBm","Beacon frame, SN=1476, FN=0, Flags=........C, BI=100, SSID=z5206677"
"452","53.350965638","0a:c5:e1:a7:65:73","Broadcast","802.11","320","-58dBm","Beacon frame, SN=1477, FN=0, Flags=........C, BI=100, SSID=z5206677"
"453","53.453384700","0a:c5:e1:a7:65:73","Broadcast","802.11","320","-58dBm","Beacon frame, SN=1478, FN=0, Flags=........C, BI=100, SSID=z5206677"
"454","53.555753729","0a:c5:e1:a7:65:73","Broadcast","802.11","320","-58dBm","Beacon frame, SN=1479, FN=0, Flags=........C, BI=100, SSID=z5206677"
"455","53.657022883","0a:c5:e1:a7:65:73","Broadcast","802.11","320","-58dBm","Beacon frame, SN=1480, FN=0, Flags=........C, BI=100, SSID=z5206677"
"456","53.964676604","0a:c5:e1:a7:65:73","Broadcast","802.11","320","-58dBm","Beacon frame, SN=1483, FN=0, Flags=........C, BI=100, SSID=z5206677"
"457","54.169104114","0a:c5:e1:a7:65:73","Broadcast","802.11","320","-58dBm","Beacon frame, SN=1485, FN=0, Flags=........C, BI=100, SSID=z5206677"
"458","54.336891903","0a:c5:e1:a7:65:73","AzureWav_2b:9d:0e","802.11","314","-60dBm","Probe Response, SN=1487, FN=0, Flags=........C, BI=100, SSID=z5206677"
"459","54.339707139","0a:c5:e1:a7:65:73","AzureWav_2b:9d:0e","802.11","314","-58dBm","Probe Response, SN=1487, FN=0, Flags=....R...C, BI=100, SSID=z5206677"
"460","54.342586090","0a:c5:e1:a7:65:73","AzureWav_2b:9d:0e","802.11","314","-60dBm","Probe Response, SN=1487, FN=0, Flags=....R...C, BI=100, SSID=z5206677"
"461","54.346468971","0a:c5:e1:a7:65:73","AzureWav_2b:9d:0e","802.11","314","-60dBm","Probe Response, SN=1487, FN=0, Flags=....R...C, BI=100, SSID=z5206677"
"462","54.348330573","0a:c5:e1:a7:65:73","AzureWav_2b:9d:0e","802.11","314","-60dBm","Probe Response, SN=1487, FN=0, Flags=....R...C, BI=100, SSID=z5206677"
"463","54.352171918","0a:c5:e1:a7:65:73","AzureWav_2b:9d:0e","802.11","314","-60dBm","Probe Response, SN=1487, FN=0, Flags=....R...C, BI=100, SSID=z5206677"
"464","54.353865707","0a:c5:e1:a7:65:73","AzureWav_2b:9d:0e","802.11","314","-58dBm","Probe Response, SN=1487, FN=0, Flags=....R...C, BI=100, SSID=z5206677"
"465","54.374090952","0a:c5:e1:a7:65:73","Broadcast","802.11","320","-58dBm","Beacon frame, SN=1488, FN=0, Flags=........C, BI=100, SSID=z5206677"
"466","54.579779905","0a:c5:e1:a7:65:73","Broadcast","802.11","320","-58dBm","Beacon frame, SN=1490, FN=0, Flags=........C, BI=100, SSID=z5206677"
"467","54.681380698","0a:c5:e1:a7:65:73","Broadcast","802.11","320","-60dBm","Beacon frame, SN=1491, FN=0, Flags=........C, BI=100, SSID=z5206677"
"468","54.783631597","0a:c5:e1:a7:65:73","Broadcast","802.11","320","-58dBm","Beacon frame, SN=1492, FN=0, Flags=........C, BI=100, SSID=z5206677"
"469","54.988844363","0a:c5:e1:a7:65:73","Broadcast","802.11","320","-58dBm","Beacon frame, SN=1494, FN=0, Flags=........C, BI=100, SSID=z5206677"
"470","55.090816771","0a:c5:e1:a7:65:73","Broadcast","802.11","320","-60dBm","Beacon frame, SN=1495, FN=0, Flags=........C, BI=100, SSID=z5206677"
"471","55.193091221","0a:c5:e1:a7:65:73","Broadcast","802.11","320","-64dBm","Beacon frame, SN=1496, FN=0, Flags=........C, BI=100, SSID=z5206677"
"472","55.296395260","0a:c5:e1:a7:65:73","Broadcast","802.11","320","-60dBm","Beacon frame, SN=1497, FN=0, Flags=........C, BI=100, SSID=z5206677"
"473","55.398939414","0a:c5:e1:a7:65:73","Broadcast","802.11","320","-60dBm","Beacon frame, SN=1498, FN=0, Flags=........C, BI=100, SSID=z5206677"
"474","55.500853288","0a:c5:e1:a7:65:73","Broadcast","802.11","320","-56dBm","Beacon frame, SN=1499, FN=0, Flags=........C, BI=100, SSID=z5206677"
"475","55.603737157","0a:c5:e1:a7:65:73","Broadcast","802.11","320","-58dBm","Beacon frame, SN=1500, FN=0, Flags=........C, BI=100, SSID=z5206677"
"476","55.705099212","0a:c5:e1:a7:65:73","Broadcast","802.11","320","-58dBm","Beacon frame, SN=1501, FN=0, Flags=........C, BI=100, SSID=z5206677"
"477","55.807556873","0a:c5:e1:a7:65:73","Broadcast","802.11","320","-58dBm","Beacon frame, SN=1502, FN=0, Flags=........C, BI=100, SSID=z5206677"
"478","55.910947724","0a:c5:e1:a7:65:73","Broadcast","802.11","320","-58dBm","Beacon frame, SN=1503, FN=0, Flags=........C, BI=100, SSID=z5206677"
"479","56.013063285","0a:c5:e1:a7:65:73","Broadcast","802.11","320","-58dBm","Beacon frame, SN=1504, FN=0, Flags=........C, BI=100, SSID=z5206677"
"480","56.115726663","0a:c5:e1:a7:65:73","Broadcast","802.11","320","-60dBm","Beacon frame, SN=1505, FN=0, Flags=........C, BI=100, SSID=z5206677"
"481","56.217032964","0a:c5:e1:a7:65:73","Broadcast","802.11","320","-58dBm","Beacon frame, SN=1506, FN=0, Flags=........C, BI=100, SSID=z5206677"
"482","56.320527109","0a:c5:e1:a7:65:73","Broadcast","802.11","320","-58dBm","Beacon frame, SN=1507, FN=0, Flags=........C, BI=100, SSID=z5206677"
"483","56.423222867","0a:c5:e1:a7:65:73","Broadcast","802.11","320","-58dBm","Beacon frame, SN=1508, FN=0, Flags=........C, BI=100, SSID=z5206677"
"484","56.529595479","0a:c5:e1:a7:65:73","Broadcast","802.11","320","-58dBm","Beacon frame, SN=1509, FN=0, Flags=........C, BI=100, SSID=z5206677"
"485","56.629415958","0a:c5:e1:a7:65:73","Broadcast","802.11","320","-60dBm","Beacon frame, SN=1510, FN=0, Flags=........C, BI=100, SSID=z5206677"
"486","56.836574794","0a:c5:e1:a7:65:73","Broadcast","802.11","320","-58dBm","Beacon frame, SN=1512, FN=0, Flags=........C, BI=100, SSID=z5206677"
"487","57.138721009","0a:c5:e1:a7:65:73","Broadcast","802.11","320","-64dBm","Beacon frame, SN=1515, FN=0, Flags=........C, BI=100, SSID=z5206677"
"488","57.446946395","0a:c5:e1:a7:65:73","Broadcast","802.11","320","-58dBm","Beacon frame, SN=1518, FN=0, Flags=........C, BI=100, SSID=z5206677"
"489","57.549333631","0a:c5:e1:a7:65:73","Broadcast","802.11","320","-58dBm","Beacon frame, SN=1519, FN=0, Flags=........C, BI=100, SSID=z5206677"
"490","57.650605936","0a:c5:e1:a7:65:73","Broadcast","802.11","320","-60dBm","Beacon frame, SN=1520, FN=0, Flags=........C, BI=100, SSID=z5206677"
"491","57.753004341","0a:c5:e1:a7:65:73","Broadcast","802.11","320","-58dBm","Beacon frame, SN=1521, FN=0, Flags=........C, BI=100, SSID=z5206677"
"492","57.855553114","0a:c5:e1:a7:65:73","Broadcast","802.11","320","-58dBm","Beacon frame, SN=1522, FN=0, Flags=........C, BI=100, SSID=z5206677"
"493","57.957887849","0a:c5:e1:a7:65:73","Broadcast","802.11","320","-56dBm","Beacon frame, SN=1523, FN=0, Flags=........C, BI=100, SSID=z5206677"
"494","58.162788107","0a:c5:e1:a7:65:73","Broadcast","802.11","320","-58dBm","Beacon frame, SN=1525, FN=0, Flags=........C, BI=100, SSID=z5206677"
"495","58.264983275","0a:c5:e1:a7:65:73","Broadcast","802.11","320","-64dBm","Beacon frame, SN=1526, FN=0, Flags=........C, BI=100, SSID=z5206677"
"496","58.368053407","0a:c5:e1:a7:65:73","Broadcast","802.11","320","-60dBm","Beacon frame, SN=1527, FN=0, Flags=........C, BI=100, SSID=z5206677"
"497","58.470736154","0a:c5:e1:a7:65:73","Broadcast","802.11","320","-60dBm","Beacon frame, SN=1528, FN=0, Flags=........C, BI=100, SSID=z5206677"
"498","58.572290372","0a:c5:e1:a7:65:73","Broadcast","802.11","320","-58dBm","Beacon frame, SN=1529, FN=0, Flags=........C, BI=100, SSID=z5206677"
"499","58.674668159","0a:c5:e1:a7:65:73","Broadcast","802.11","320","-58dBm","Beacon frame, SN=1530, FN=0, Flags=........C, BI=100, SSID=z5206677"
"500","58.776973326","0a:c5:e1:a7:65:73","Broadcast","802.11","320","-58dBm","Beacon frame, SN=1531, FN=0, Flags=........C, BI=100, SSID=z5206677"
"501","59.084853935","0a:c5:e1:a7:65:73","Broadcast","802.11","320","-58dBm","Beacon frame, SN=1534, FN=0, Flags=........C, BI=100, SSID=z5206677"
"502","59.186671699","0a:c5:e1:a7:65:73","Broadcast","802.11","320","-60dBm","Beacon frame, SN=1535, FN=0, Flags=........C, BI=100, SSID=z5206677"
"503","59.289088423","0a:c5:e1:a7:65:73","Broadcast","802.11","320","-60dBm","Beacon frame, SN=1536, FN=0, Flags=........C, BI=100, SSID=z5206677"
"504","59.391506396","0a:c5:e1:a7:65:73","Broadcast","802.11","320","-60dBm","Beacon frame, SN=1537, FN=0, Flags=........C, BI=100, SSID=z5206677"
"505","59.596854115","0a:c5:e1:a7:65:73","Broadcast","802.11","320","-60dBm","Beacon frame, SN=1539, FN=0, Flags=........C, BI=100, SSID=z5206677"
"506","59.698653601","0a:c5:e1:a7:65:73","Broadcast","802.11","320","-58dBm","Beacon frame, SN=1540, FN=0, Flags=........C, BI=100, SSID=z5206677"
"507","59.801037916","0a:c5:e1:a7:65:73","Broadcast","802.11","320","-58dBm","Beacon frame, SN=1541, FN=0, Flags=........C, BI=100, SSID=z5206677"
"508","59.903541943","0a:c5:e1:a7:65:73","Broadcast","802.11","320","-58dBm","Beacon frame, SN=1542, FN=0, Flags=........C, BI=100, SSID=z5206677"
